seg_id,time_to_failure
seg_c654e7,2.824848641361569
seg_739856,3.033654964339246
seg_1b08a4,2.822651860550968
seg_e30e44,2.7343240430451536
seg_b4402d,3.045872019170178
seg_284923,6.037020847294096
seg_b402ac,2.9412104092499143
seg_655780,2.7340042738126864
seg_8bf229,2.909986069639147
seg_2a0dc0,3.042775154995134
seg_a4ad7c,3.0426961175295157
seg_d2551a,6.042880417294336
seg_84c7fb,2.916877483987996
seg_bd31bf,2.910239154591111
seg_cd352f,3.0472584991326643
seg_8aeb99,3.0531012480553716
seg_37f3fb,2.7495934005282288
seg_dc4698,2.8235207093604924
seg_b69455,3.0446767191923185
seg_c23429,2.8257701118931715
seg_cff594,2.744652695150671
seg_98f624,3.044456223520281
seg_e71dda,2.8469204247588245
seg_061a33,2.908958746106577
seg_0e9987,2.732928060209549
seg_996c37,3.0416426183530088
seg_8b39c4,3.040051894205428
seg_6b9511,3.0436935751577545
seg_8a8220,2.9236824686971428
seg_a5fbcc,2.8178540752459535
seg_8472f3,6.089413795655777
seg_3d6aac,2.9148045398767533
seg_696621,2.8233756270183634
seg_bdf84b,2.9200673078759287
seg_4eef28,3.0371516376769216
seg_5e1bba,2.927715473253949
seg_170684,3.031438196172236
seg_130e17,2.7559595024944703
seg_ad3cf0,2.7410366030003646
seg_3d1cb3,2.920309179499674
seg_8c1cca,2.8244730461863297
seg_ecf28d,3.038055409971716
seg_807901,2.7427449999908937
seg_5887a8,3.0499701392993517
seg_a91c03,2.966851240831054
seg_db606c,2.9348147711447803
seg_546864,2.9530694515419404
seg_d36681,3.0519615707330146
seg_46dd7c,2.7655665865543755
seg_29d4c6,3.046261986438619
seg_c52ae6,2.752274806238764
seg_77c546,2.7384238804243726
seg_651808,2.7385263519074283
seg_7949da,2.7287813483084205
seg_b77bf5,6.04539427537236
seg_c9f80a,2.8229198530705277
seg_c70fde,2.951146370293444
seg_2c69e4,3.0425348344286416
seg_e3b1f1,2.9332304477465554
seg_0cca14,2.732754980187572
seg_b9ec4b,2.8271241438884767
seg_9802c3,2.901259100281914
seg_919c5c,2.733442115376141
seg_f1a771,2.7494623360631625
seg_5559d9,2.735024915697413
seg_e6b236,2.937306247939678
seg_f618a8,3.024770481158969
seg_7b2994,2.8385730184699765
seg_d2db6b,2.816902963890152
seg_d3f6b0,2.8944793740118127
seg_d19980,3.047515689274251
seg_7f3ab0,2.8234534903307273
seg_ac45ae,3.0378577749119446
seg_025e78,2.8228096046540565
seg_82c138,2.9374325064928986
seg_92b095,2.771699001478238
seg_b89e47,2.7303532614971657
seg_a53e4c,2.8183190270628353
seg_070bb0,2.7221147135470556
seg_cee7d0,3.059134768079694
seg_2c3203,2.755207116117468
seg_8328f5,2.8332614405651797
seg_efb639,2.9312302729840662
seg_ecaef0,2.91527096444331
seg_31b808,2.906524964637971
seg_34abd2,2.736819438459966
seg_ab644e,2.8957638519395617
seg_5bc0b0,3.0353926992903704
seg_8bde47,3.0437404227441016
seg_3c8545,2.823377656069248
seg_5f46a5,3.057324082443012
seg_c5abaa,3.041287274658795
seg_c1fe9a,2.746965502767251
seg_b23489,2.8326861870666784
seg_b3cf21,2.8482143436517466
seg_e7ced6,3.0470840564709967
seg_37608b,2.907361405375315
seg_d6b546,2.949366673283615
seg_c47bdc,3.0321111812494377
seg_5467c8,3.044601958279299
seg_6dfab7,2.824290099250999
seg_29d497,2.9400772750840445
seg_146926,3.0537453782785366
seg_739679,2.7416934643411506
seg_e86e44,2.847951237821933
seg_5e541f,2.731313291296829
seg_447cb3,3.0091270459316117
seg_8db6f0,2.9449755891669707
seg_0cf651,2.735462120063251
seg_c27591,2.836534296052549
seg_d9b162,2.9092597503387427
seg_89e207,2.906766551757117
seg_29a073,2.823998953000833
seg_613702,2.828339827449077
seg_bb92b1,2.9073854332636353
seg_6968c8,2.826174548478669
seg_66e45a,2.8534430272949862
seg_7fa6ec,1.841665403752426
seg_2597af,2.8325080733746395
seg_c3f8d7,2.819179573051337
seg_d78093,2.8793124676286657
seg_566efe,3.0737089222546916
seg_9f22a0,3.0422308168941328
seg_c7b424,3.031925653572995
seg_947700,2.8222971681659073
seg_74ce61,3.0572943807362534
seg_2bf9dd,3.0375468723392345
seg_0f565c,2.8276884346032842
seg_e5e238,2.735144260546382
seg_f30f0c,2.9399008594144957
seg_d9352b,2.944541713115
seg_c60f1d,2.7264654320443986
seg_3c4106,2.817144400012296
seg_a6cd86,2.815094232585598
seg_4db997,2.743175383553667
seg_cf5764,3.034160047031617
seg_d7ab50,2.823876360405526
seg_d753f8,2.780821861330363
seg_943de0,6.050612302300967
seg_d320f5,2.9016095065927314
seg_287fef,2.8293310889610224
seg_184222,2.730360638424118
seg_2db7dc,2.83566048443172
seg_0e8b79,3.03790588257655
seg_3bc9ed,2.904053860462954
seg_34a2b8,2.823534980164922
seg_aeeb31,2.737505830361705
seg_2a6343,3.023069463627791
seg_7f9b3a,2.8264948660906715
seg_d42c77,3.04572234547784
seg_5a242e,2.9141099618579123
seg_5c9077,2.933594023484651
seg_1e61d6,2.7387188852720015
seg_ba9dbf,2.8226914536754806
seg_a16a1b,2.832598182835542
seg_398a25,2.824324957614707
seg_f650cc,2.7531700005157353
seg_b8745c,3.0349751648751147
seg_c58ca5,2.9013878380281515
seg_db90c0,2.740948596357425
seg_7a09ec,2.903030653025675
seg_a35c82,3.0304692288824486
seg_c87c24,2.9148145070037796
seg_70991d,2.8312565453197345
seg_30501b,3.048845360150171
seg_ad3a44,2.7283558460053734
seg_9ad261,2.8226221985184625
seg_c80857,1.855743547787584
seg_4ea81c,2.7409326876940465
seg_9a7d1d,2.728785688535488
seg_1cf1b5,2.7938977049918527
seg_9d2528,2.908925221166843
seg_d0f803,2.72137158459236
seg_854d91,3.052739558341162
seg_7c2beb,3.0461789210453385
seg_b782c7,3.038706711815144
seg_d740b2,3.035814974457799
seg_c25855,6.055598807062178
seg_b4c040,2.766468243471177
seg_f0d278,2.7325420711099775
seg_51865e,2.8115842410393093
seg_9d1b26,2.9060275320927746
seg_e0cfd4,3.0371813599377724
seg_7cd6b1,2.811165786687888
seg_ed7f69,2.823441405435046
seg_b5a447,2.913482176066888
seg_ba3e74,2.7704104770313926
seg_31d7bf,2.736883240424141
seg_65ef95,2.837172046945909
seg_c607eb,2.7137744543058218
seg_5d92af,3.030816795218503
seg_e5deec,2.7766687844113855
seg_71348a,2.765320009768594
seg_de3d5e,2.7431955127647147
seg_3bf9ac,2.8325169265751384
seg_115617,2.8462899179059957
seg_ce46ba,2.7796197244157095
seg_8a7201,2.819936982810896
seg_8866f0,2.77434365428669
seg_1a0e94,3.0473409027660585
seg_0bb5fd,2.9136802653053913
seg_490092,3.0424526486481684
seg_117ff4,2.823323248939359
seg_325790,2.8107253111920194
seg_abaad2,3.034410096601743
seg_7f786b,2.8275800314629747
seg_8d6578,2.8250069512610456
seg_12ac20,3.0368616127043264
seg_17e596,3.047126934169341
seg_d668c0,3.043737309507072
seg_b2b29d,3.0282415584160414
seg_f86c41,2.8344003781584255
seg_74f330,2.7284019782233067
seg_91eaeb,2.82245748518936
seg_a704ee,2.9089586930663676
seg_337b8c,2.754688917105035
seg_63c13d,2.827800680260209
seg_123dd4,3.029633494669953
seg_500108,2.823950857643859
seg_72858d,2.7870129546268383
seg_b8725b,2.7349783922490545
seg_20d9de,3.0492216386776265
seg_07fc6d,2.9387466785917264
seg_b25dde,2.8116674482177646
seg_f741af,2.8270986291934554
seg_c571ef,2.9445137343871077
seg_0c1d3a,2.852077831994388
seg_06bbc5,2.9119251741655376
seg_1c401b,3.03496218110615
seg_24f338,2.8198823668459525
seg_b6cb2b,2.848212432401379
seg_5597ed,2.7386272111809453
seg_d11ca8,3.0479945318932327
seg_6c909f,2.7429609752888124
seg_7fd6b7,3.0359988646729295
seg_9f4fd4,3.047356497332415
seg_f056d8,2.7387819988036894
seg_b8fd73,6.017559089873559
seg_34a8f7,3.0366546964710266
seg_507065,2.9302239747811085
seg_c81e10,2.944375278415811
seg_ca67ee,2.7555117115638375
seg_be811d,2.740414203103455
seg_e80726,2.8290489200682147
seg_121cba,2.73478500497688
seg_421a96,2.816125215859766
seg_bff392,2.730555192186151
seg_04ee93,2.9478940934537445
seg_ba5e7e,2.750070171885059
seg_f6e89f,3.0460843374042486
seg_46b84d,2.9561183293439193
seg_abc5fd,2.943946458334781
seg_d1a2b9,2.7573714663493725
seg_00e5f7,2.9142642268249253
seg_407b2b,2.903342007846857
seg_5765b6,2.9430455155513404
seg_70b375,2.923256488363148
seg_2396a2,2.826413996933127
seg_420d4e,2.9620674876627566
seg_d795ab,2.9795370720314454
seg_2f4f14,2.8283181016919277
seg_16566c,2.9410149062924225
seg_148698,2.896513209032207
seg_01a8dc,2.8477196681943893
seg_e481c7,2.9588815638180854
seg_a802fa,3.0623500960720906
seg_a420d4,2.8187533870151387
seg_077b7e,2.8343473327662636
seg_08b136,2.900759461907552
seg_939f5c,2.9215743351143377
seg_1010ad,2.901265921217457
seg_876904,2.904035727307501
seg_7f5b6f,3.0565413745313816
seg_d6b198,2.846429822346506
seg_1c904f,2.826492034514585
seg_193404,3.041678742636642
seg_63c8e4,6.041890592687413
seg_bd5022,2.7250972943432377
seg_fd9ac1,2.767969390678712
seg_b80b89,2.9059584249923396
seg_bb171f,3.042755630431891
seg_915b3e,2.836414616759776
seg_9cb464,2.823718669636129
seg_6e12ae,2.8333563903373236
seg_2dfb91,2.743043659189362
seg_590fa5,2.904874754516249
seg_45b051,2.712440718102869
seg_a8ddf7,2.7613381714612135
seg_8599ec,2.7388833363379304
seg_e5b510,2.823520395418471
seg_0d13a7,2.8215678870544156
seg_10c09d,3.0307333137328856
seg_311b5e,2.7507209710789535
seg_c12d7d,3.0459514440823083
seg_80fb86,2.903029343841466
seg_b291c0,2.737011011435965
seg_8c6d4e,2.8263658474299755
seg_6f2222,2.7569487139325584
seg_92310f,2.9388609530163734
seg_1d980f,2.7348732785779135
seg_6b536d,2.9074025923420415
seg_b36650,2.8397340524375614
seg_5abfdd,2.8233803835259983
seg_ee1cfc,2.754414776087483
seg_beb650,2.9415780677506267
seg_d2cb02,2.9331549858019885
seg_ac9de5,2.816821194089061
seg_827c07,2.728867387427077
seg_cacd58,2.9024369561547814
seg_6d4fa6,2.816319903740234
seg_9485c0,2.8298659692806774
seg_8cdf83,2.8294454917096883
seg_cf646e,2.9144788263885433
seg_e27c0a,2.7369901825166103
seg_8dd3ba,2.742694611728414
seg_8777bd,3.063254219145903
seg_9a6025,2.9439138774248335
seg_8fc754,2.9483415788949503
seg_331f2b,3.0340731736425766
seg_b695b3,2.8276880769468113
seg_4185b3,2.8291398838364854
seg_ce472b,3.030569968294932
seg_3ce740,3.0563534866796394
seg_f455bc,3.0548402973691613
seg_dc1cf0,3.0467334465015328
seg_70be4d,6.03790394890023
seg_e1daa0,2.9148102370308338
seg_fe5945,2.742701005405205
seg_e7d3e7,2.9631781564001463
seg_d356ab,2.821674543268112
seg_0cdcc8,2.7529797616427047
seg_bd7109,2.81743990361182
seg_11647f,2.804827693396017
seg_98c544,2.8096126657339267
seg_d32f8a,2.828529650977172
seg_e20d76,2.936832672345759
seg_f6d51b,2.7521746938402054
seg_ed07b0,2.74804717468614
seg_9d3013,3.0474243319947742
seg_d91492,3.029865154987438
seg_afca81,2.8235201677155324
seg_9bd388,3.042197698895777
seg_42e7e8,2.8780620484785935
seg_96dab2,3.0240885367329224
seg_b9de03,2.815044459883115
seg_8be76c,2.7237061357777157
seg_f43ab6,2.7292918603937215
seg_eb0b19,3.0448233150871924
seg_9b7ef8,3.0284039427842675
seg_f6a217,2.8336916487470787
seg_4b8044,2.8100020648635904
seg_7c0376,2.7597014392736026
seg_60b696,2.8224990507541836
seg_369570,2.9089548321472907
seg_a35e7c,3.0402688987627347
seg_e4c15a,2.819004739141885
seg_f0181d,2.743122345051411
seg_da7c3b,3.043226813247053
seg_7a5243,2.903248530060232
seg_3bb90a,2.8228652720588867
seg_df45b0,2.9580868815054724
seg_659ff8,2.824312931839132
seg_931244,6.048190340126868
seg_27db4d,2.9595971158690557
seg_5f0a92,2.8243300135546976
seg_3e55d5,2.7414033797010715
seg_98c44d,2.820677310854892
seg_9e962b,2.9094298284969167
seg_7e3b3e,2.734482739362568
seg_cc096e,6.036204542748229
seg_bbfd4e,3.038125475612915
seg_988e69,2.8008478704460935
seg_7211f1,2.9126578978127777
seg_24c078,2.915625769120557
seg_f11f77,2.8143379958782258
seg_5f355e,2.9495670186705607
seg_511d25,3.044311091771508
seg_e54932,3.0460833820181565
seg_af2472,2.8168441229807106
seg_75654d,2.745979877460696
seg_830cff,2.8227131092465236
seg_eb32bc,2.738911943976714
seg_6e7f73,3.0468829575772767
seg_c01d9a,3.059913289603244
seg_5254ce,3.044500002095479
seg_a86231,2.9066908793354473
seg_99f76c,2.7371093303285208
seg_468fdb,2.9201788780532776
seg_0f8961,3.0487810181187656
seg_ae3388,2.9496006473473186
seg_a84c13,2.8182769246070323
seg_29c772,2.82122343881689
seg_17adc0,2.8527208324064453
seg_2b6d52,3.0483351527478475
seg_aaa2ae,2.8324152203856916
seg_c05a7d,3.0357070676307325
seg_94aa0a,2.9382568791213624
seg_55b566,2.7775300188905727
seg_88b289,6.045906959882892
seg_ee7224,2.822510763249838
seg_75e93c,2.7390045085849404
seg_5470ca,2.823465125406227
seg_919a6a,2.7562575093554122
seg_18fb65,2.7557212427141473
seg_c0260d,2.9332820096693353
seg_4a6096,2.7285847823268794
seg_d9d0e4,2.9201104340619337
seg_e29670,2.8298153273830544
seg_ca407b,2.823468294514009
seg_6eedcc,3.0322701191704
seg_cbcce9,2.948245827123332
seg_c60dca,2.823373113000008
seg_25b38a,3.036455098147942
seg_c3836b,2.73923364261457
seg_16c3a7,2.8292299261500933
seg_eefd4a,2.760877549531938
seg_bd40f2,3.044567670453453
seg_911066,2.740141237324398
seg_3bd97e,3.0467182484396753
seg_30ad2a,2.729279883214367
seg_c01a57,2.744545471702969
seg_64be91,3.0509360479294334
seg_a6eed3,2.72942513530228
seg_dcfb4b,3.0448124067190108
seg_8456d3,2.8243768424716014
seg_e6c973,2.944209938457481
seg_7c6c31,3.0469295181141054
seg_3ba485,3.0724776474899915
seg_a55a17,3.0206431895773775
seg_a9089b,2.7455579316059646
seg_176542,2.9482153130570024
seg_9dcae1,2.959329521436362
seg_23bdf9,2.901036886810947
seg_1b1ad8,2.9060821480577212
seg_efc5fb,3.051008961166476
seg_f2f5a3,2.724545218444641
seg_b568c6,2.9383640669159927
seg_827a21,2.8183200785027225
seg_7fd3a3,2.731373768001346
seg_655ad6,3.045581750250469
seg_7189ca,3.032618356956306
seg_330579,2.8293208899183635
seg_bf1430,2.9058720349040073
seg_be0cdc,2.755517459119703
seg_3878d0,2.7408880243707716
seg_35ee83,2.764678363126267
seg_ee8f87,2.823368806082822
seg_1a791c,2.824229328879517
seg_5a1adb,2.8299850316369954
seg_44d3ca,2.8235161748708
seg_e40d64,2.9467138550057186
seg_1b2298,3.044492444274202
seg_f96d5a,3.020566343366039
seg_aee9bf,2.7571871742611687
seg_25aa9f,3.0464293110271834
seg_f6f523,2.78002454300013
seg_ea098b,3.034910484955463
seg_ff2f2d,2.828195006967859
seg_00030f,2.9312561502892764
seg_6b4e04,6.05264535002433
seg_f5d2dd,3.056037319228198
seg_dad4f2,2.9013247312423203
seg_fa488e,2.7488603590336247
seg_a5dea6,6.043517860199344
seg_acd715,6.049799233216956
seg_f9e4f2,3.0372214605899037
seg_961ddf,2.743272256057992
seg_d89369,2.7446177990159266
seg_304b87,2.824864550024949
seg_97e4a9,3.0451104538462137
seg_f5a6ab,3.0434213642527834
seg_c747b4,2.7450276482629263
seg_377134,2.819624318805505
seg_c3507f,2.9360015176649172
seg_d962cc,3.076076133806556
seg_bce23c,2.9514377223158506
seg_952faa,2.8344642586955873
seg_0a45a1,2.7326138275606926
seg_45e7ad,2.7363176740895403
seg_efd9ec,3.0384161564037653
seg_49322d,3.0385058483126484
seg_c9201c,2.7308506516250595
seg_421da1,2.9166349166871948
seg_419531,2.962476578589886
seg_41ab7e,3.030601304566731
seg_1ac9e2,2.7305654712083185
seg_edecaa,2.923383386020642
seg_e067ab,3.041415922954567
seg_247262,2.914096240064278
seg_3af649,2.826441275101611
seg_14d1d3,2.816965190105639
seg_c18d5a,2.846973154964158
seg_4e2c66,2.7929705682223047
seg_17799c,2.9488446394131693
seg_18f633,2.8144188666139622
seg_14c054,3.048036103785949
seg_d1fbb8,3.032640628250106
seg_c5325c,3.0871366399778513
seg_6a116b,2.9227223465169394
seg_0339ca,2.902282985675385
seg_9b44d2,3.007384533460229
seg_161aeb,3.0422430111759353
seg_c146a8,2.909053222292881
seg_fb74f0,2.9480735898576698
seg_079e34,2.8297403982967984
seg_a69246,6.047237731770722
seg_2883ec,3.0356351021814585
seg_89b090,2.720705449732422
seg_774ad2,2.827567635635724
seg_52636c,2.9112456936588758
seg_f6e1ca,2.8232811830205016
seg_63c518,2.726004404706185
seg_23f823,2.8231602134955724
seg_ba3c47,2.760542468086327
seg_b52710,2.8232979776843155
seg_32f6df,2.822554718159015
seg_5a947e,2.7449869328646943
seg_ab15ad,2.9072358279625217
seg_9c00d7,3.0552576680960097
seg_2be983,6.0396885701482494
seg_4c65e6,3.029223182338254
seg_e96140,2.731425232105423
seg_d47aba,2.738711709490864
seg_c5fc3b,3.0305673980302212
seg_3b95d2,6.051582340367615
seg_633651,2.824000267833739
seg_a41c2c,2.9139072670082355
seg_08f441,2.7315156745346427
seg_4ea3fa,2.932002384075148
seg_41a267,3.0957304182838605
seg_dcbe02,2.8247624939323854
seg_abda04,3.034292905193482
seg_d63175,2.9117927300546778
seg_dbbb44,2.9054197340480163
seg_94d573,3.0477928527149785
seg_f6f683,2.8243287052875696
seg_d0c8e2,2.7500580890312634
seg_80211c,3.0284025034001205
seg_8c1e7d,2.7340934369790153
seg_f46cc1,2.824956501714367
seg_d3bb14,2.7322357370088803
seg_d014a3,3.04727711138917
seg_1e0b82,3.036872179343914
seg_50b048,2.949813356829042
seg_72f40a,3.036522884309705
seg_1baf33,2.744954480549623
seg_89d8a0,2.8226108836111874
seg_32e763,2.7288572546154524
seg_210388,2.8249426731355576
seg_e65e69,2.8106959829879172
seg_e3cf1a,2.9033770280778826
seg_af1650,2.735790953727273
seg_2ba79a,2.7404515910148737
seg_7cbb45,2.8333840331604856
seg_634f05,2.722465627544795
seg_06d4a2,2.7389825067338447
seg_d2ad9a,2.7369714546277515
seg_a39ebc,2.853271422708466
seg_4f83a3,3.038905004667347
seg_967ae4,3.0357370634111636
seg_b21273,2.8284891073392586
seg_ecdca4,2.7367923925965365
seg_56ebc7,2.818233349955169
seg_f83d28,2.82856465321099
seg_74235f,2.8290518547591788
seg_87a67a,2.9054980468553935
seg_a1acb2,2.822132097138939
seg_5e70a7,3.031452822313893
seg_5d333e,3.0398162885019926
seg_58d52d,6.052754194711158
seg_43383f,2.904036778747391
seg_3cba49,2.9994570061697763
seg_2bf5be,3.0283114133722924
seg_d21eb6,2.949977522610677
seg_0e3739,2.821852187478064
seg_6e1ee7,2.9355490554730865
seg_23c947,2.736480443513256
seg_b47c19,2.948143216061286
seg_0aa0fb,2.951113674384059
seg_fdd50e,2.8496467942099795
seg_9b7f93,2.913351599449205
seg_70fb30,6.05160952318684
seg_da80c4,3.037454817214688
seg_687a5c,2.7409049403238908
seg_0d6d68,2.8176978714522605
seg_e8a4f4,2.9362432176682556
seg_dc7e0d,2.744599708032671
seg_6e5a38,2.736773936875169
seg_93d864,2.9101332987119393
seg_c20c06,2.778095639264265
seg_970e86,3.0286139987485097
seg_e2c82c,2.8334435521290158
seg_89f975,2.760564088964418
seg_ea096b,3.072173326887085
seg_0d663a,3.043230818109006
seg_c6f0a2,2.8233766784582497
seg_8324a4,2.936818046204104
seg_e64dfa,2.9514377223158514
seg_a6bf91,2.9326743703160805
seg_2c762c,2.912607450427548
seg_55239a,2.8479113235182347
seg_8f1127,2.744280494353756
seg_d5dbc1,2.7609720107488824
seg_482745,2.770218658765536
seg_670bde,2.7904719158409597
seg_9f042e,2.9475677407045007
seg_0dcc40,2.934927929429214
seg_9caf50,3.0427888820529274
seg_907c52,2.821552553952445
seg_3b2013,2.7319577100718173
seg_a5f4dd,2.9284811074655233
seg_ab3f14,3.0474109013040658
seg_f003ca,3.0512506720389543
seg_b03de5,6.047489237952058
seg_a2986f,3.0248362022848463
seg_fc57d4,2.7314410011762966
seg_16a270,2.9598304420053294
seg_23323e,2.730343185069617
seg_edda79,2.9471663373585746
seg_c9e533,2.960129970403316
seg_122ba9,2.7383370948175467
seg_326eb7,2.736927836188804
seg_2b2cb3,2.92495083437505
seg_9dea8d,3.0284834932379905
seg_32f72d,2.903630279420318
seg_ab4bca,2.7343224183453176
seg_5009d9,2.7404749542258666
seg_24ba8d,2.8269905837096205
seg_15adff,2.822544397538791
seg_0e1fbe,2.8225778893804008
seg_e3dafa,6.048391324097783
seg_740837,2.916929080901578
seg_0a97c4,2.825328747997041
seg_b20487,3.068395961927536
seg_9d1dbe,3.052233283194541
seg_a00985,2.9092568042221387
seg_63130f,3.07299817841509
seg_2018c8,3.0466011905804704
seg_b26368,2.8204556106177674
seg_a436bc,3.031037118407121
seg_bc437b,3.0483294565059347
seg_692e7a,3.0743926370235326
seg_69787a,3.030229608149241
seg_715ff6,3.0370914127521016
seg_72aba8,2.9100889579597684
seg_6ed49a,3.0667942813568
seg_071067,2.730466621182694
seg_586c0f,2.8517064438471276
seg_26049e,3.027411479425878
seg_a31d6e,2.961385533301238
seg_ce00bb,2.8227701491947523
seg_708349,3.0333292449697935
seg_ff79d9,2.8127337699041144
seg_55a9a4,2.9433274428411282
seg_cbfb19,2.9492538576694707
seg_bd4d30,2.9131933327226602
seg_f322b1,2.9506737904547067
seg_81bebd,2.947132470647784
seg_222c5f,2.822788763717687
seg_bf4ec0,2.902357907994172
seg_28fc32,2.9147075404970213
seg_d30a9d,2.7300970838715575
seg_4f5931,3.0575839808701053
seg_492dc6,2.819936982810894
seg_1d044c,2.908958693066368
seg_8d6a7d,2.7430453931198775
seg_05bef4,2.742003167555365
seg_9c090f,2.75207981121121
seg_b3d886,2.7295857948531497
seg_225320,3.0275223629359966
seg_f21bf4,2.952726815473718
seg_257b8a,2.8951421497928265
seg_2f5695,2.7717668320993356
seg_f80e44,2.9061653402395238
seg_74d8cc,2.81834855393062
seg_ec4645,2.9498501075076704
seg_cf0e43,2.8987478667511177
seg_f2b0c5,2.7399794630942145
seg_3aca44,2.7571663748207857
seg_19b08e,2.7445977886462716
seg_ec973c,3.056535863259663
seg_e5c033,2.9135944067264306
seg_813aab,2.759197681199665
seg_517345,2.943330516592902
seg_6fd5bb,2.9133515994492023
seg_e6e1df,2.830693359378775
seg_f60872,2.9027321276221896
seg_88a81d,2.8397769692194674
seg_3128e6,2.818950000438784
seg_5e635a,2.738225263656898
seg_b02e31,3.049315832961845
seg_da21ee,3.0379157818627287
seg_18d1d0,2.785371238245127
seg_a96b47,2.7387768161888055
seg_0b32f7,2.8199816461341727
seg_339f80,2.9047442516614037
seg_00648a,2.8283017605802323
seg_6ab188,3.0332671681047274
seg_c3f672,3.034099619482308
seg_fde767,2.9366975827355812
seg_709d08,2.906701265729232
seg_643d1f,2.9160040410282244
seg_abeca6,6.049736816441827
seg_4d0041,2.959836880057684
seg_b3883e,2.8474243406589137
seg_f1f5b9,2.8950529598391888
seg_59cd7d,2.7616750431769908
seg_ada81a,3.052239676871364
seg_383b6b,2.8810630827765964
seg_dff078,2.829028342329281
seg_f8db0a,2.7409326876940483
seg_b7eeb6,2.9386342248219974
seg_baa745,2.932361706310689
seg_310230,2.8150964570776726
seg_bb180c,2.8241588107245694
seg_f383fb,2.8177409344553146
seg_48feba,2.746796792598662
seg_83ef67,3.0448287434716237
seg_738be6,2.8240233055710156
seg_845a2a,3.0372441412559814
seg_24157a,2.950760939688297
seg_6fb17f,2.9110641278360223
seg_4d8f0f,2.725994190706912
seg_b88baa,2.938618930148516
seg_e13bd8,2.824171622467188
seg_010eab,2.9570046333926334
seg_6a4ad1,3.0152738451469907
seg_e4f403,2.774136069979602
seg_b4f7a8,2.9204292534371485
seg_e98217,2.7386415892730422
seg_7cdfe5,2.7593838947459313
seg_c186dc,2.8177160046077128
seg_ff0f1b,2.726350650562377
seg_5b392b,2.82264690827604
seg_24458d,2.936832672345759
seg_85fb0a,2.7987190250714784
seg_8c341c,3.058429198132883
seg_b0cf32,6.051235485729471
seg_0b54ac,2.8272323625585787
seg_cc7a19,2.73426743494235
seg_19515c,2.835650479555739
seg_8785e2,2.9207440947419614
seg_fea3e2,3.0394797604453356
seg_f24292,2.812049924008918
seg_d1b91e,2.9105755973745424
seg_ba4ea3,3.0591431478234896
seg_86e874,2.738717431813139
seg_f1b916,2.7591842777668423
seg_a9f80e,2.894054947454673
seg_31a6cd,2.8234981006137945
seg_373a04,2.91296430227879
seg_9a812d,2.821852187478063
seg_075340,2.7346674103418716
seg_ca8389,2.819052963200762
seg_376908,2.7535566884577585
seg_76d16c,3.0238667841166
seg_ead30e,2.742571734473838
seg_db4185,2.8162579735416062
seg_b9619c,2.8432104598690326
seg_2fb672,3.048244261569111
seg_5e020f,2.907535360332634
seg_2cdbe3,2.74150478445001
seg_9757ac,3.044171058223256
seg_1f1e60,3.0335709702364433
seg_739643,3.043175529538937
seg_a25c46,2.7409485963574265
seg_484901,2.957553045680062
seg_64daae,2.740549934251649
seg_786ff6,2.9437227925623444
seg_974049,2.805037451135224
seg_ff4236,2.8211999882706738
seg_dca2c2,3.054536958611207
seg_d7f53a,2.8183200785027234
seg_03d680,3.0235102776457885
seg_ea78c0,2.9139348552569153
seg_966f3d,2.8216152915327264
seg_b6bdaa,2.9478605402619165
seg_739fb0,2.8174671431780403
seg_d27812,2.9148102370308338
seg_7aeca4,3.0236048171804684
seg_f5406b,2.7915856826712555
seg_c703be,2.9131942748759827
seg_9f12c6,2.831302464643751
seg_59818b,2.9605684406656505
seg_3a8a76,2.753309827402258
seg_bf7224,2.7363040420622977
seg_b947ae,2.838457567610591
seg_49d84b,2.925914252175709
seg_ebb79f,2.9069161450308107
seg_9940e8,6.0525588431166195
seg_9c3d6a,3.043800428366293
seg_e9df42,3.045144198460744
seg_d86eb6,2.847848750044291
seg_74537f,2.821889098076955
seg_857304,2.7882943000080016
seg_76106f,3.054217042700269
seg_ae32a6,2.9138530833921683
seg_48a4b3,2.9252874471309456
seg_1fe311,3.054396435977887
seg_a49ccc,2.8219506442640045
seg_ed52ac,3.052851401251681
seg_83dc2e,6.0483875010906205
seg_ab001b,2.8263436750078057
seg_d62e9c,2.820850727169211
seg_301c1e,2.896970408181685
seg_49336f,2.7340924417854837
seg_6b3a9d,2.8320003383859587
seg_743775,2.9591664432743485
seg_d71352,3.0490814175511596
seg_93211c,3.038701329222823
seg_d85e2e,2.8259791017849616
seg_fa0ac7,2.9120530819016808
seg_7ebdc3,2.7431689915376003
seg_a1edc1,2.829304981254985
seg_17d1ff,2.895422354860073
seg_0bc877,2.8155696230545724
seg_b64c9c,3.0401181606969527
seg_11860f,2.949582031653411
seg_ea0091,2.815112365741052
seg_a99161,2.8261308958177036
seg_0d762e,2.9628317659719627
seg_29e799,2.909407709337591
seg_941759,2.945161625479603
seg_31c0f4,3.0779164446509717
seg_ee87e2,2.7697432953565495
seg_a0646a,2.7463202646323386
seg_de3237,3.0510611087360946
seg_bd6f5f,3.0434368181216382
seg_428d66,2.7552267504159196
seg_bcf2d9,2.822113963983486
seg_d7f015,2.9089586930663667
seg_da8b88,2.910666561142812
seg_179d90,3.038624530715296
seg_aa9b8e,2.9190133144864077
seg_cdf88e,2.758612455716408
seg_903aba,3.050697852162795
seg_b13fb9,2.9410673120020516
seg_4c067a,2.8952270150003
seg_e8bcde,2.8176092773265125
seg_c5256d,2.901045480965457
seg_7d65c7,3.0315983969725364
seg_b36c8a,2.83399944527218
seg_b9365c,2.7518705252639744
seg_c73df6,2.82188763728276
seg_1f9aed,2.8170420986287747
seg_0c3943,2.820669867508936
seg_1e617a,2.755928259523294
seg_0dae4b,2.8276386737528187
seg_3fc7ca,3.051763979589437
seg_8f6284,2.745030807815881
seg_f21a22,2.818880017859466
seg_162fc4,2.949258782803807
seg_4cb9c6,2.7342457802426203
seg_95b321,2.8293518101718895
seg_f6c0cb,2.8106570205729215
seg_cc2e9b,2.764114483698169
seg_7ed2dd,2.827590724520603
seg_1562cb,3.0193055818217376
seg_946d71,3.0470594809215323
seg_660fef,2.9090991104220536
seg_a63573,2.9105755973745415
seg_7a521c,2.823285714689981
seg_8cd159,2.816282645073616
seg_1f7cf8,2.8243575951624096
seg_23b123,3.041642618353008
seg_ceab44,3.0427046621202902
seg_2642d4,2.9234198680733883
seg_1db443,2.9602432697146157
seg_902074,2.9050679962282397
seg_74d58a,3.0369542613697864
seg_d1a8b3,2.740960961218049
seg_0536c9,2.7597012297224195
seg_dcb51d,2.738956652560754
seg_82303e,2.913410252942317
seg_f19f8e,3.033631640796009
seg_597bd6,2.9150670101654628
seg_eaa0ec,2.954708441438485
seg_509d55,2.7330980377877245
seg_54af0d,2.76351377043154
seg_53bdf5,3.031424368471368
seg_4d2671,2.900197181802461
seg_b58542,2.82351747626342
seg_46c6d3,3.048329456505934
seg_7540f3,2.944047573242883
seg_1815fe,3.0233283899717223
seg_9a92db,2.921799398306975
seg_ab70bd,2.9152334301939313
seg_e3005e,2.7476350081268563
seg_9e7dff,2.8179586375576258
seg_a56c04,2.908276204823647
seg_bca500,2.906186280396441
seg_ef660a,3.03685666449061
seg_64f8dc,2.8270076654251866
seg_89885a,2.81745159172753
seg_d35e50,2.8347504997871744
seg_853302,3.0503141586354836
seg_fdc1d4,3.1014629003891483
seg_77dbe7,2.8151534979083936
seg_cd9f9b,3.0140148044741575
seg_c01f63,3.0368351264149074
seg_33c30d,2.7444312198540133
seg_9d79d4,2.8512143894677417
seg_45a8a9,2.8176307999233026
seg_c106ca,2.8241083133175766
seg_fb00b3,3.0752891808696265
seg_90bf60,3.047654311904321
seg_ade769,2.9374221200991135
seg_b2e045,2.8240160347163976
seg_a2d47d,2.8358660210296693
seg_8200d2,2.743145666148244
seg_fbf17a,3.0341888824509446
seg_bf4bf2,2.7618392311288735
seg_c23641,2.821288957533646
seg_32fc4e,6.047293326381178
seg_420bcc,2.908180454635411
seg_ee4479,2.8192620178238426
seg_9a81a3,2.934626313360081
seg_264c7d,3.0558813903743536
seg_5cde88,2.752548856009031
seg_2b4959,2.8174386369657607
seg_0dfe8c,2.839725756696567
seg_77ea14,2.7488058147246632
seg_1c849d,2.843179804449756
seg_8ae847,2.8219363303107925
seg_47fed6,2.9449634324613703
seg_9ab405,2.7565094458950585
seg_121446,3.007054141530872
seg_81a8ea,3.0370153053539783
seg_c5c455,2.7429186633541787
seg_20a990,2.7536321917097215
seg_fb76ca,2.913422907846793
seg_d21066,2.8386129327736747
seg_d56ae2,3.047044309534353
seg_814b1f,2.7527265298016275
seg_20e9ad,2.8236020837631197
seg_beda44,2.8341642346250415
seg_580b65,2.9449056838111507
seg_0c89ce,2.9023812887499503
seg_dbf3f2,2.7865703881902135
seg_56e3e7,3.078088192670136
seg_61219c,2.748195707209958
seg_4c12b2,2.773342281665166
seg_27f532,3.052333075006251
seg_d508db,2.9131933327226602
seg_eea20e,3.0502221035109347
seg_a80f6f,2.9411034583702427
seg_4c3a2b,2.896476151157784
seg_7b5f90,2.96679512959074
seg_730ebe,2.7723886396501425
seg_d56d32,3.038713603049404
seg_1abcaf,2.8608696554709216
seg_0b9ba3,3.035923458222174
seg_32c904,3.0384955195148056
seg_6167f0,2.8361537325902466
seg_31631c,2.937414789892368
seg_bd2b0c,2.9052611400734527
seg_90ec68,3.0519211372046784
seg_f11620,2.8269749061280773
seg_00c35b,3.0288445772016597
seg_99ccbd,2.780283489696119
seg_3f2086,3.04061054328376
seg_2e917f,2.9095717518514936
seg_0be6ee,2.8301011118643116
seg_05f126,3.035377316903668
seg_a0a423,2.7401366245585117
seg_fd6340,2.8168910690640176
seg_fcd32e,2.908215463638738
seg_afd665,2.9107082645276883
seg_d60d18,2.832390620164527
seg_fb9b2e,2.9471389663719116
seg_a6e801,2.7238413513025153
seg_0445d7,2.9778056637876715
seg_dab0f9,2.9129671616100334
seg_734a88,3.05601334028606
seg_804fb5,2.916015562460248
seg_389906,2.9530367094472965
seg_263fb3,2.74093341841891
seg_468bc9,3.0767093638756826
seg_d9bb68,2.9482573438363175
seg_c07b7c,2.8144461450719658
seg_5cfdc4,2.9216054890124648
seg_570a20,2.810694274924318
seg_5ed47e,3.052260957745286
seg_2d427f,2.7646403934413284
seg_3234ca,2.740888024370771
seg_2d5544,2.747322208757759
seg_9a1c76,2.8348245091563062
seg_8515fd,2.819659615168942
seg_fe2aac,2.734084517072047
seg_2f8e19,3.042694201459551
seg_373ba6,2.7402884115912034
seg_063865,2.9160344254102286
seg_555f63,2.8373924292855137
seg_07c815,2.7513667837536966
seg_517425,2.7371716683175533
seg_60277f,2.810474282750793
seg_f6828d,2.755668071390993
seg_84b9d9,2.8509779698818005
seg_3fdae0,2.9301338938722186
seg_d14524,2.9013045069067225
seg_a7e49b,2.9238112859773415
seg_9d57a1,2.925278867216804
seg_ef24bd,2.8268068438215583
seg_83f89e,3.020040601643295
seg_1da819,2.746784787634825
seg_0e7cc5,2.9086528499965176
seg_15c9f9,2.7449787139555544
seg_3d1f2e,2.9018158005442043
seg_ad759c,2.7250736290446165
seg_361f5a,3.046125578483536
seg_5e0902,2.811683942365993
seg_db694a,2.9016095065927314
seg_24e071,2.817411677423832
seg_09ed4e,6.045406568508638
seg_6c8a45,2.851021988533557
seg_d31583,3.0426608238596704
seg_ab2a78,2.7381699880375714
seg_ced992,2.7405258445154543
seg_60df2a,2.9525628469866927
seg_fb9491,2.919544831439394
seg_b9361a,2.82768807694681
seg_725772,3.0421517952811277
seg_9e61da,2.8263999666515423
seg_f52cdc,3.045453290847693
seg_6a26de,2.7196594827099876
seg_0b76f5,3.037501439899452
seg_73565e,2.8293677188352664
seg_552b8e,6.047632298639642
seg_004ee5,2.822673194942828
seg_523945,2.8437634318188723
seg_aae025,3.038796294497412
seg_d26f7d,3.0870511092568678
seg_003339,3.0403374104577194
seg_4ad674,2.7364866184479903
seg_920132,3.0417243894043318
seg_8e7fca,2.9223586114989564
seg_ee2781,3.04712299167194
seg_83cb2c,2.736909870125511
seg_f073e2,2.9160990922291354
seg_59058a,2.7594456978061244
seg_69a53e,2.922873610703742
seg_7c9433,2.8261374217215796
seg_fe70c0,2.913567586238209
seg_154361,2.9470136696143703
seg_2a8351,2.766874552081654
seg_899bf0,2.820816366247768
seg_32906d,2.752278118186314
seg_91596c,3.0416734664048004
seg_b0bf65,2.755850114460954
seg_6fc3ef,3.036474275074665
seg_76b76f,3.0482426489715566
seg_6d01a3,2.9626487635681884
seg_2a4551,2.9323781790025736
seg_e86f77,2.7638407131057594
seg_26a2a0,1.444405504852882
seg_d44589,2.8271454581103623
seg_f3063a,2.9099304022343158
seg_0165c6,3.0663009668854824
seg_e8385f,3.0575247596333543
seg_e1468f,3.053676584324479
seg_6c292b,2.9365738278521185
seg_4280d9,6.046590729246001
seg_8baeab,2.8220264538649396
seg_e49750,2.912327351784093
seg_e0ce38,2.9130852732338997
seg_643f86,3.047306722293803
seg_0f74a3,2.9315406454641546
seg_90e904,2.7383411965238222
seg_0125d9,2.901265921217458
seg_447972,2.8191332726063423
seg_cb0e21,3.055110042903215
seg_d693b0,3.044438632064647
seg_836ef0,2.7672513644707326
seg_ba0485,3.04578751485915
seg_c365de,2.7250943249367694
seg_69a230,2.7408913373075006
seg_66b7c3,3.0238510475593063
seg_eacccf,2.7477711922411348
seg_5ec0e3,3.1732494660627832
seg_578e84,3.0479304940182312
seg_13468a,2.9426087403256256
seg_14c89d,2.8348365245091123
seg_bfe0b6,6.051528024481219
seg_e66697,3.0201013803701033
seg_c44bbc,2.755267873513882
seg_c565bd,2.8366252598208206
seg_db3446,3.0471490335649882
seg_2774c4,3.0405570239508593
seg_7d88e3,3.0434158435806626
seg_72b68c,3.0496769032571716
seg_f6659e,2.9146425421695317
seg_bbb01e,3.0328576164721404
seg_e7ac12,2.8182291147344527
seg_d0c280,2.766311643861193
seg_c94941,2.7658402013518257
seg_715e2c,2.9079525610050836
seg_e10d3b,3.0635335643282557
seg_12b9ba,2.955642526062237
seg_d062a6,6.049569837898556
seg_496d07,2.8188763857361567
seg_b95010,2.8247376332410563
seg_2aa101,2.828375550152172
seg_d1abaa,3.050894242088992
seg_a82229,2.9482288434578936
seg_fc8fd6,2.736312908929057
seg_136695,2.9213084961228746
seg_8dd2ab,2.8394730947800477
seg_666056,2.817625040839442
seg_461b63,2.830712546457312
seg_8ce632,2.7405458905681104
seg_7d718e,3.049581585193577
seg_d1cb37,3.074740204463475
seg_c747ad,6.05255063350777
seg_970b35,2.8239029517887997
seg_d41daa,2.9537688053673743
seg_85762d,2.9202848939704453
seg_f02d32,2.9367802666361316
seg_4adeda,3.0230772132670176
seg_75c34b,2.8807964674994984
seg_7b3017,3.0455057412377475
seg_b0a794,2.821464613881945
seg_d1eee8,3.075901767386686
seg_d36737,2.8230245690261833
seg_3631ec,2.730356366697845
seg_ba1d68,2.7480969102245405
seg_41aadc,2.904866991427385
seg_3a1600,2.745002229931841
seg_3f80ef,2.825778865952592
seg_945bc8,2.761730178026854
seg_cc4199,3.0486157658423476
seg_0cb81b,2.8221536986747897
seg_5965d8,2.8293518101718877
seg_268956,2.751177215162496
seg_dc5e63,2.9016866754691195
seg_a50d28,3.037193180248453
seg_9ddc99,2.9550680647424437
seg_ec73d5,2.825117170515595
seg_9a7c46,2.839000344497496
seg_6b2ce0,2.9139984549486577
seg_63c9a3,2.909559377954452
seg_533613,3.039134514496724
seg_0144cb,2.8106216975943195
seg_a173d8,2.8248418154143087
seg_8c0114,2.8276880769468096
seg_e24f69,2.83612755676886
seg_e9a09f,2.7311232486820494
seg_47a48f,3.038045207951424
seg_e1a9e0,6.0569124293379355
seg_3065ba,2.7342398733839954
seg_0fca83,2.7457161231408627
seg_55a0c3,2.924574090513292
seg_cedf3e,3.0211577331224486
seg_e76e6e,2.8430860399786284
seg_fa34c7,3.061224410610014
seg_e8ad6b,2.8216526064002667
seg_9fd9b8,2.9769642798122984
seg_529c99,2.8172333945410433
seg_284223,2.9013437117906165
seg_6f60b2,2.818928138089896
seg_b86ce1,2.8242390497864265
seg_166f70,3.0797244727732855
seg_6de4fd,3.044004027450323
seg_d7967e,3.053795202871875
seg_3ae4d9,2.7408874800389347
seg_ab9654,3.064474856864857
seg_dceeca,2.777677060495334
seg_22e509,2.8099111010953206
seg_b52dac,2.8277613241145496
seg_0b4b24,2.7597307446363484
seg_c8459f,3.0232414687393088
seg_8bc20c,2.802432189253623
seg_00f3b9,2.7528879762970293
seg_4ae712,6.051782225764581
seg_d5b100,2.7387661431805177
seg_ef47c4,3.0450319922874867
seg_2eddf6,3.044567119975735
seg_30661b,2.734187759844485
seg_140bc5,2.7324206458941305
seg_27a282,2.8207575978073116
seg_5cfba9,3.0294245347191286
seg_2700bd,2.8234715115475253
seg_762be4,2.8107301844011467
seg_115a92,2.7387276181542424
seg_07f37c,2.831380097766653
seg_2f9336,2.8932611898917893
seg_bbf805,2.8446799926777144
seg_a437cb,2.830587071497485
seg_53e645,2.906023480695007
seg_293dc2,2.7645350250738385
seg_aec276,3.0296274283019526
seg_d78e7d,2.763399907157483
seg_41be18,3.049698133096048
seg_790108,2.9156379352314503
seg_6ae32d,2.747994227906541
seg_2e9a47,2.9475100003814227
seg_4435bd,2.7538566470163266
seg_2a0afc,2.9032953992635098
seg_9c2843,2.778545069039132
seg_6074f9,2.8249303922846525
seg_616c8b,6.036203600594906
seg_75438e,2.9067172001556525
seg_3661de,6.050608479293806
seg_48b545,2.951144791413574
seg_bcf6af,3.036431274208492
seg_bb6fcb,2.9240210496416537
seg_51f6fd,2.8414959515126306
seg_b4cb44,3.047629621034514
seg_2a0ace,6.04958036487579
seg_441c6d,3.051103096475948
seg_3c3ddf,2.8191951059359295
seg_35269b,6.041593557656592
seg_63582a,2.9930994204428423
seg_c5c6ea,2.894878243725384
seg_51f0a2,2.826566317398252
seg_8a6b0e,2.820866635832587
seg_eee89d,2.9040496383805707
seg_fb4c26,2.8230824818631777
seg_91607c,2.827906625652455
seg_e2b8b1,3.0759844758305115
seg_b9d8a0,2.9375156422887767
seg_3d06cc,2.9605200555692606
seg_c2b8f7,2.8466058154049576
seg_29022f,2.8364635500559965
seg_99f677,2.910920863925134
seg_c5dee4,2.7404538670037657
seg_1c4c5b,2.9147851524566235
seg_5bd9ae,2.893942915966965
seg_63c983,2.7533357826678873
seg_3e87b4,2.780844993024635
seg_dcf242,2.9124147656421306
seg_eb47a9,2.75055839688636
seg_5f24d3,2.9388571905445526
seg_d8014d,2.9261470660265054
seg_d1a281,2.8932652664431813
seg_7bf143,2.738956652560754
seg_8fd465,2.7548487399664996
seg_5a67b5,3.0310764497722826
seg_4ca6de,2.9467864646337754
seg_5bdb47,2.8251297672314255
seg_30da11,2.729372625320168
seg_df8e0a,3.048321346543604
seg_bf58ce,2.957644124947476
seg_c9831a,2.733752811599327
seg_52c139,6.0451865300636
seg_8c1760,3.0370701270162495
seg_fbce13,2.7288053087331585
seg_229eda,2.9332457459703387
seg_df99d4,2.725949421303219
seg_266805,2.8292121310844762
seg_41be7d,2.911707314891541
seg_c522f8,3.0471315316128615
seg_c243a6,2.758272084249965
seg_c5f986,2.7405197732696123
seg_5f7fd9,2.8320961135912555
seg_ccdc28,2.7272545755607562
seg_4a91a9,2.7554210081184025
seg_a11dd5,2.7342675660371585
seg_54490e,3.046282213541822
seg_b0f9cd,2.9303886902937597
seg_8f592b,3.0491035557227
seg_2f8f6d,3.0364307047404675
seg_fcca66,2.824957383122569
seg_87232d,2.894883262428592
seg_5c1a4d,2.8238597105403933
seg_b51380,3.0324270215476994
seg_8509db,2.940477857324548
seg_2e71dd,2.74185993562973
seg_45838b,2.9133936900268584
seg_f69c38,2.8235161748708006
seg_622e9d,2.739139737419736
seg_e7d1f8,2.775698823825342
seg_06d7ba,2.834751574619539
seg_29475f,2.824221968070862
seg_66ed4d,2.7465384192773867
seg_bf1294,2.906604586878876
seg_214492,2.7162587384765415
seg_8826f4,2.740441054532247
seg_df352f,2.8188203111696946
seg_6262c4,2.939044250077723
seg_4b953a,2.731091591059708
seg_e14149,2.9105755973745415
seg_226e60,3.0455525969467834
seg_03d63e,2.7351835013034367
seg_462c1d,3.043104653595735
seg_bf2d1f,6.047489237952058
seg_80622d,2.957850735988604
seg_69dbad,2.9403427677143683
seg_eb2e11,2.852148157445423
seg_d27193,2.8226668088015283
seg_e051bc,2.825086250262071
seg_9626a4,2.7409326876940483
seg_dd4594,2.8254201686783067
seg_a6e99c,2.820883777315285
seg_75a878,2.8186757950024073
seg_47d374,2.8394435754227194
seg_e0c329,2.726266359763326
seg_0b07c7,2.9407167021608345
seg_8d4965,2.90457143682994
seg_09f0ff,2.7515387738740626
seg_2e2372,2.9133480339909603
seg_de225c,3.075970629256605
seg_b66b87,2.8394159983979503
seg_343571,2.909222057351811
seg_217eed,2.7469022733290287
seg_70e891,2.817270928703551
seg_979a8f,2.7389708418032193
seg_0c9aa8,3.0621762623428546
seg_75dc3e,2.8277039856101895
seg_3adb1a,2.899770335401003
seg_f6b70c,2.938217650195418
seg_d37b05,2.9479216860867643
seg_54d0f3,2.7427551837150683
seg_96db5e,2.9162500121014165
seg_e05de2,2.738783234649101
seg_45e4ed,2.7482688749232618
seg_8b798b,3.034975164875113
seg_868c85,2.9148428179407815
seg_b8b72f,2.8444980277901317
seg_2e50fb,2.766127639715876
seg_9c6715,2.7982835400982666
seg_a7b454,2.8193600063713387
seg_f93ce5,2.7595197921125183
seg_3d059a,2.8177468714242675
seg_9c8bc8,2.8232950462030093
seg_98be13,2.8295948819749133
seg_4ab7bf,6.0219660257181085
seg_e72f10,2.9105900233180524
seg_986b6e,3.0482229806951886
seg_683ddf,2.8264401660213987
seg_2dc6ff,2.7389607542670307
seg_2cac57,3.049194988562786
seg_652cc2,2.827377214643528
seg_355717,2.8190202366416868
seg_4e3bd7,2.955126998170266
seg_0ebfd9,2.914584065918209
seg_0488a1,2.9437365986718915
seg_65c4e1,2.9122054827583157
seg_8ab3a7,2.7626104847045476
seg_87f6c8,3.0466536506842528
seg_a68ffb,2.9379049861900253
seg_36b77f,3.051637744239913
seg_1144bc,3.05180162757839
seg_5d45db,2.938247785466097
seg_ae3d92,2.827103445532543
seg_8d4435,2.8236020837631197
seg_518b1e,2.725697757651892
seg_98ebaa,3.0455211785266614
seg_97d9ed,3.045329575078074
seg_ae9761,3.0474903411409144
seg_91bf8c,2.7455942819368824
seg_259dd3,3.1130340588016874
seg_3865bc,2.8215243277644553
seg_1cd352,2.82155032946037
seg_75211e,2.8948746036616133
seg_293dbf,2.7375016281556586
seg_19b9dd,2.9179425398094514
seg_94d150,2.7694763894149235
seg_9d6ff0,2.8289886732743823
seg_9c3ef8,2.94533237901427
seg_6951e0,2.7358035494539212
seg_4d53c2,6.0473177205692465
seg_c714d0,6.040152377842739
seg_dcee28,2.9228092725454418
seg_593c34,2.7793929217019326
seg_9f6315,2.8278801935896314
seg_0d540e,2.8482618950798346
seg_529be4,2.835378617062834
seg_d661ce,2.745642569142646
seg_92af10,3.0509075090465436
seg_b735a5,3.0423191256345987
seg_93f935,2.7386309189616447
seg_086a61,3.0472462496893598
seg_9f7542,3.051671970599163
seg_922914,2.905264705531696
seg_64be5d,3.0493799659092278
seg_20cc25,2.7569162836398817
seg_9ee0aa,2.902155975162812
seg_c183e4,2.8269988514075988
seg_753ba6,2.737583537719924
seg_316f86,2.826234705471918
seg_279725,5.9886016372342965
seg_c21d60,2.8239520579889614
seg_cc4932,3.0516688810492867
seg_adf986,2.9065250176781805
seg_d0f262,2.817782014284988
seg_3a80c5,2.9218680105877417
seg_23fe27,3.030344702599567
seg_eebbc2,2.9017248367759345
seg_9825e0,2.918391195150329
seg_0eb333,2.740968361417856
seg_d4c763,2.934898913977508
seg_c5fc87,2.8498008177663
seg_d516e3,3.0549361981515193
seg_0d833c,3.0447210324007887
seg_b91ae2,2.749053840652089
seg_a8685e,2.925998113643666
seg_1eae76,2.8319597526309193
seg_f43730,2.9472523351994684
seg_6a05e7,2.7305892104378624
seg_67330f,2.8239979015609458
seg_e8b2b3,2.9592250973248877
seg_40b3aa,2.770401848105998
seg_4729a7,2.828467441868798
seg_b6c10d,2.939971069270448
seg_e81b50,2.8248681025008624
seg_2f60db,3.039869668895402
seg_3340b9,2.842566934635477
seg_6be48e,2.7386501515582964
seg_395e0e,3.0457132347432565
seg_c46ce6,2.7273168418392806
seg_f67ce2,2.745031749969204
seg_adf94a,2.7435309502622878
seg_8a8375,2.9592367115488956
seg_95f45e,3.0141674685968907
seg_6df48e,3.0462586754384273
seg_db3fbe,3.064590487347971
seg_91f664,2.814407178498251
seg_355d19,3.0475353641833003
seg_e60719,3.0537749525929243
seg_d88da7,3.0237028834677173
seg_c0d7da,2.763072883980879
seg_f57ca1,3.0720565624926373
seg_1eeb8f,2.828444219115766
seg_0879a8,2.950456884057156
seg_093a0a,3.0278024335138327
seg_2313d1,2.8150223407237913
seg_ca44a8,2.8233232489393596
seg_218049,2.738723315386526
seg_268249,2.906822476101713
seg_5a0479,2.9552971749556303
seg_90ef18,3.0752160670683995
seg_d36055,3.0387600791553253
seg_b80366,3.0304718007773856
seg_e5750a,6.052562666123781
seg_3b7175,2.7349077293313235
seg_2dcd84,3.050861685449207
seg_f0cedb,3.043601327188712
seg_e8d02f,2.73883800437328
seg_b35174,1.440980215387668
seg_a87e79,2.751832647414366
seg_750d20,2.944517951319844
seg_78d817,2.835656214458774
seg_496dad,2.740895430656184
seg_d32f71,2.8247534570456296
seg_ada42c,2.7716451438757854
seg_ef779d,2.894348991624301
seg_9a9041,3.0412769066179948
seg_0df469,2.737330511609835
seg_514543,2.8247576775932997
seg_304df5,3.0365242130698338
seg_6ac67a,2.7505963922478527
seg_fdba93,2.8282576965074395
seg_ca6d70,2.738302231931863
seg_2ea616,2.832390620164528
seg_8cf573,2.903164387227505
seg_0df75c,3.068189082727264
seg_b378bc,2.7401422325179294
seg_57ea44,2.732941207156887
seg_46012e,3.0434242385830776
seg_8da61a,3.0392270809475255
seg_2e64af,2.734174526028021
seg_b00f05,3.039269332993145
seg_922990,2.82332324893936
seg_d9190c,2.8208122259084507
seg_43597f,2.8352781099878226
seg_d68930,3.072998178415091
seg_ddddf0,2.748067157785714
seg_27ff17,2.8397108881734763
seg_6f3d90,2.822793695990676
seg_2642d0,2.826119041626755
seg_3d581c,2.7735926312589645
seg_efbf3e,2.9053418200137253
seg_e9e65b,3.0406538272953036
seg_7120ac,2.903226410900907
seg_36147d,2.7533367248212106
seg_342ce6,3.0523458707030335
seg_83f476,2.8206291928716234
seg_25ab3f,2.9058232222832427
seg_b2b331,2.829214017486713
seg_04a696,3.0237098587235858
seg_c26fb4,2.7570830674824562
seg_54b0ee,3.0169341732427544
seg_f579ba,2.7412981609737095
seg_934087,2.7616517995404615
seg_5090fa,3.0349278516175824
seg_de8180,2.7340520266865735
seg_cea185,2.91296430227879
seg_a58a6e,2.736476189412383
seg_81f798,2.834135649995887
seg_f70b66,2.8114701252237686
seg_a009e6,2.900551774396606
seg_05f9d6,2.942248726788317
seg_0042cc,2.903907229289853
seg_ee4ae5,2.7368214190955396
seg_d39131,3.038286208775467
seg_f5e682,2.7297800704393578
seg_cecd29,2.9082238827025053
seg_b853c1,3.037135299229149
seg_0c74cf,2.7349782861686376
seg_35ba8f,3.049395630066847
seg_73858d,3.0387360148354152
seg_1e677e,2.8107242597521322
seg_30b043,2.8488447580889384
seg_78852d,2.9439138774248343
seg_98a819,2.8993107610750655
seg_78fc4b,2.9120144302918
seg_9d68cf,2.7467448842060644
seg_f22163,3.04370041905714
seg_92a5f1,2.822849363395508
seg_ffe7cc,3.034433718267842
seg_8d5113,2.8321255719906397
seg_76f76d,2.8149126719743767
seg_5ef47e,2.9105379433393113
seg_397dc9,3.030163758311171
seg_607559,2.955869796237184
seg_34ef79,2.9238469944805434
seg_592807,2.9080161583181265
seg_e3ca24,2.95247522514647
seg_78ded2,2.8116517758459425
seg_9ae1a1,6.021877187537966
seg_3e00cd,3.0514050719807924
seg_a5271e,2.888894611855141
seg_31ddc5,3.0382458827508194
seg_e15cb9,3.02280480780613
seg_878d2c,3.0377685027664634
seg_ad82ca,2.941812851427035
seg_35dd45,6.043520741053183
seg_cd43b4,3.0438004283662936
seg_20b8d0,2.9261668803741956
seg_4848e3,2.9134143274528324
seg_848695,2.7387276181542424
seg_5255c0,3.030499207010959
seg_0b082e,3.0464578745977455
seg_060ce4,2.8477074743997597
seg_e8a2c4,2.91428914787209
seg_195eda,2.928455801297945
seg_65f01e,3.049230341412767
seg_dcd9df,2.743063669559017
seg_4ce234,3.044649659551062
seg_a1e5b0,3.03119216475249
seg_b9bdd7,2.8241545407516226
seg_c20a27,2.9211953244119626
seg_59cfdb,3.0480842905892263
seg_61f504,2.7349704590757598
seg_fd8add,2.9453323790142707
seg_70a60e,2.8219013231331096
seg_f639ec,2.9090718290341733
seg_266d4e,2.9294606820634845
seg_ff7478,2.951296049354893
seg_ae42b3,3.071561340477035
seg_0ba210,3.065604565417558
seg_b7da0a,2.8107349495616294
seg_01ecb0,2.73873209982532
seg_fa9f00,2.823233902647024
seg_5495ca,2.7442293340526756
seg_1a671a,2.7483116803379994
seg_fdff11,3.001325285311911
seg_c509ff,2.9174814596347485
seg_a975df,2.7768425522254083
seg_c08d36,2.8199188496554446
seg_7c2c48,2.7260974982628734
seg_3d19fc,2.8233251148238883
seg_07f8df,2.8230783978020186
seg_514b85,3.0485287447798086
seg_60dacd,3.04822298069519
seg_495573,3.0342633829657997
seg_4fd191,2.7284902820392767
seg_7012af,3.046093837473764
seg_238242,2.934723995210092
seg_85e9c6,3.003105682679546
seg_392019,2.9143039961394646
seg_0b3b94,2.8739832881376373
seg_37bf85,2.823287602857055
seg_1969c8,2.945610055685605
seg_a8e6df,2.9675538068974374
seg_63d651,2.829149393504193
seg_9c8162,2.9153832799000905
seg_a06228,2.9211988898702033
seg_d90c5f,2.7928803664940594
seg_f99b64,2.95552293349057
seg_94c48c,2.953991416642473
seg_b197e2,2.905876651802136
seg_59d484,2.8363055787344997
seg_c901c0,3.062720829537075
seg_b8bb87,3.0767696642923443
seg_913ffc,2.8463487546543806
seg_3c64fb,2.9477634613850037
seg_4ddddc,2.9033420078468577
seg_82d7b6,2.8230650453666466
seg_37669c,2.9369130424403225
seg_957ece,1.8380225854731989
seg_95357d,2.8264488128128433
seg_5f352e,2.827733883074758
seg_fbddb9,3.035572557145161
seg_14ad27,2.7389685063617666
seg_ad949a,2.7458148766343085
seg_5fe414,2.8225695135943893
seg_c671f7,2.942523892978195
seg_6edcb8,2.816889704988253
seg_0ba585,2.785076576991837
seg_b78883,6.045195791430487
seg_0dc38f,2.752270947244745
seg_1827c5,3.0544911639382613
seg_ae9626,2.7368064894598727
seg_5639b3,2.849390346168549
seg_3f3983,3.04724944689845
seg_ca88e3,3.050031399282889
seg_dc6e94,2.8248598438419537
seg_2d402d,2.7388886590058505
seg_07cd72,2.9058408274785625
seg_0a1bd0,2.900724366979248
seg_71238c,3.04799138172978
seg_8a3306,2.8183653688834363
seg_cf74e8,2.7368694942043055
seg_aa78e0,2.9259415266695417
seg_9df32d,2.73864780684063
seg_461ab5,2.8078102130267024
seg_750c93,2.759332921771183
seg_f7050a,2.8383849157938355
seg_7cb417,2.916519244384404
seg_c42490,2.8189280850496874
seg_92092a,2.910553478215217
seg_c41d1d,2.831320768434358
seg_d3d8fc,2.829202621416767
seg_fa796b,2.7449621792549674
seg_eb7595,2.8148379508123402
seg_af959f,3.0786699253180507
seg_9aa6e2,2.738814741855345
seg_fbe3c2,2.8291376593444126
seg_c2a0c8,2.816951588549117
seg_180481,2.9304796540620304
seg_86cfe9,2.946612322048562
seg_983778,3.036059200467231
seg_007a37,2.835344197386006
seg_71b4e0,2.903296450703395
seg_6d6fad,2.819936982810897
seg_4587bb,2.944915729099034
seg_ef644a,2.9167479345304597
seg_e9272e,2.839194869730158
seg_464839,2.943874915538858
seg_55d50b,2.835249166222079
seg_a1a511,2.7904621944293257
seg_4dfa03,2.821615291532727
seg_8f4654,2.9110605240059955
seg_d24095,3.0384253110274355
seg_83f928,3.022582100296199
seg_b80358,3.0658034956191065
seg_18d307,2.7612772052589487
seg_82ce27,2.838573018469978
seg_0e3ed2,2.7407241260499573
seg_570d69,3.0433629039405363
seg_5c530f,2.8218189155100704
seg_a6959c,3.061500110659526
seg_94ecad,3.0538250077493188
seg_ba941e,2.9331979421934444
seg_64bcb9,3.043750996086776
seg_9e8323,2.767552791074115
seg_af6204,2.9024369561547805
seg_f165f6,2.7447627210322385
seg_5eb380,2.8190529632007624
seg_138807,2.829149393504194
seg_32f3a9,2.9078681619166713
seg_fe73b1,3.042785617150536
seg_ea4d3a,3.0489456315163586
seg_d5f344,2.9122731753866398
seg_c5064e,3.021964931739078
seg_7df3dd,2.9153651634771647
seg_79c47a,2.825115004921968
seg_76f1af,2.822542458473975
seg_cd0691,2.740390107053326
seg_ef27c8,2.7485449140060445
seg_85e90e,3.0293718080216516
seg_77fe77,2.905452979342172
seg_f96d0e,2.7450276482629263
seg_986976,2.9620610408253745
seg_b72413,3.047320523681215
seg_abb06a,2.9128772492816504
seg_71f571,2.8151840504962395
seg_f59974,3.036379828879522
seg_80b9b4,2.907190830333476
seg_7d2535,2.7324460604992953
seg_f679c6,3.0509620221323224
seg_aee7c0,3.0492213892506577
seg_0e3d44,2.702868518412622
seg_bbbc30,2.813102791895934
seg_d83890,2.7916229267241652
seg_dd780d,2.740666324133647
seg_2005a7,2.8208951966407096
seg_004314,1.852440099807462
seg_476bdb,2.8176784662425396
seg_f229bf,2.91458151495561
seg_89eed6,2.7387117094908633
seg_f7d792,2.742221881516547
seg_8d030a,2.828490572775489
seg_914a62,2.733092885091913
seg_1ae362,2.9135058368250033
seg_136285,2.8212372319270176
seg_3761d0,2.791956716019455
seg_049957,3.0736444734347175
seg_038879,2.967147202851763
seg_ba83da,2.8331232191828226
seg_268625,2.7388960805740994
seg_447b8b,3.042950102120157
seg_a2fd8b,2.826492034514585
seg_274a1a,2.9128804678147096
seg_4a719c,2.9045884422357524
seg_f30b2f,2.901763884841517
seg_cd2b34,2.9231140499822375
seg_90c258,6.050608479293807
seg_53498a,2.842692456926547
seg_59de0b,2.730849198412125
seg_a3ab46,2.846898245772546
seg_ebe36c,2.7477678802935848
seg_c81fec,2.8193310967339644
seg_7d2e57,2.9329657802057003
seg_eb7f91,2.897171331527313
seg_306756,3.0467433522952536
seg_7bec10,3.057681410074043
seg_ecf81b,3.03516263347391
seg_57dd68,3.0500312996192473
seg_6f650f,3.060442414591956
seg_ebd77b,3.078852698907444
seg_e24496,3.0435471193424113
seg_b51b7c,2.9033384423886157
seg_f4d644,2.7355737986345905
seg_4abc29,2.8446888782881192
seg_3b4414,2.7387306050884956
seg_0fd3ff,2.7448222925311896
seg_588f61,2.819367420025167
seg_30fd84,3.0708852371836595
seg_21eebb,2.8352575035906806
seg_98c0b6,2.725994084626493
seg_b44c2e,2.9431325247768814
seg_fa4df0,2.823094306465397
seg_944c98,2.7340998289950806
seg_4d7c56,2.7283203528852837
seg_c7a579,2.921039878381168
seg_4e627b,2.7305053637150527
seg_c35940,2.7324231066668703
seg_591954,3.0368616127043264
seg_58e9f9,3.044622389827896
seg_5e8ef4,3.0477053531733516
seg_e742dc,3.0471466991809897
seg_950048,2.9069143924619696
seg_be65f2,2.7758212420761437
seg_b5aee9,2.832262238074664
seg_4dbbd1,2.906005632043944
seg_e5f9ec,2.947787898947113
seg_e47d2b,2.8325432316805133
seg_f2750c,2.936860328933891
seg_455b16,2.8508144770988917
seg_8353f5,3.0465972953566167
seg_0c247b,2.9594664806830666
seg_74fcfc,3.052188048018113
seg_73ab4a,2.7571330004950605
seg_7cef95,3.0455300412458013
seg_a2c108,3.048711869147355
seg_ea05c1,2.9633126366905786
seg_4cb0d7,2.902999000106847
seg_cc667b,2.822764158711095
seg_9bee43,2.7644116908875374
seg_cf25d2,2.823378382185626
seg_74b3bd,2.9453071159605693
seg_f7de40,3.0500471335022636
seg_be30ce,2.839353260817668
seg_a9b957,2.834043633163755
seg_2a2f1e,2.905617705865162
seg_b284b2,2.727023987845066
seg_ebec3e,2.8674110298088373
seg_c4af54,2.738887705395119
seg_fb1f5c,3.033547988345515
seg_2977cd,2.8250808425896627
seg_ef9105,3.051265558434998
seg_864fcf,2.7890435009610415
seg_70edf5,2.914801963341756
seg_6e98aa,2.8451732119686644
seg_e197b8,2.833624732618798
seg_016cdb,2.828660387446024
seg_cc7e39,3.0201813152064876
seg_3db0a8,2.821237897827722
seg_004cd2,2.956662849891294
seg_14f5f0,2.9557020665581364
seg_0b9ad8,2.9202346613153374
seg_e52f8c,2.9173444016892445
seg_5e7abf,2.8182848013064214
seg_7fac26,3.0435418213584247
seg_5b8c39,2.8248486413615708
seg_091c9d,3.0378811844708395
seg_10f3a6,2.746926476101732
seg_5c8ae5,2.816962409581454
seg_31d763,2.8946529034244928
seg_724df9,1.8602493034913947
seg_185ad6,3.0337649508562197
seg_a0979e,2.945139506320277
seg_d35274,2.7385890532264634
seg_64dcf0,2.945952514264158
seg_425462,2.8270986291934563
seg_2cadc0,2.9083907655395493
seg_758ca4,2.8319511183818182
seg_718b53,2.7530976968763885
seg_476700,2.8401084723718966
seg_a39fa8,3.039626467237633
seg_91f512,2.7511665728292014
seg_d6dad6,2.93683267234576
seg_79e301,2.8261904967725053
seg_a86a05,3.0200627208026214
seg_58ea74,3.0402230502662326
seg_3fb24b,2.85005996025244
seg_6de935,6.059811424778501
seg_bb6904,2.8237352952017196
seg_9a43ef,3.0371634752030388
seg_a674d2,2.9474727543431003
seg_67599b,2.94720796053987
seg_4c8db6,3.034867980727888
seg_84fc12,3.0466465787402788
seg_e0f296,3.0348504676663475
seg_6e572a,2.7437870370116393
seg_8658b3,3.0384559902515442
seg_153d6a,3.073684041852055
seg_a5934a,3.04685695455149
seg_87e4e8,2.717914359377379
seg_3a22ac,2.8187802134990676
seg_26edaa,6.041593557656593
seg_826208,2.9126038849693043
seg_524b39,2.93683267234576
seg_9a1a4f,2.814819089435719
seg_e3d751,1.4480323893035505
seg_b63de1,2.7342646693211936
seg_2c5e9f,2.950530701953458
seg_32ad0f,3.0368616127043273
seg_5ad847,2.8242570394724504
seg_304581,2.831478037850517
seg_0c4e31,2.730281025236966
seg_7efdd5,2.948176008465632
seg_572172,2.958602797419229
seg_4f48b4,2.7708471694032526
seg_acf2f4,3.0468425341443175
seg_827804,2.82768807694681
seg_016913,2.7575045059880092
seg_96cd5d,2.742777946352767
seg_db3a95,2.830118243637832
seg_161f5f,2.9058692343040544
seg_f2a20d,2.8277613241145487
seg_6fc8b3,2.9490195991258195
seg_c21723,2.736581414075142
seg_8bec6f,2.9174075670462547
seg_d146a6,2.729320744506415
seg_e37b8e,3.0403554953916347
seg_59e1db,2.953766324582228
seg_725e84,2.846201138876632
seg_4d0008,2.834703801086852
seg_cf9a49,2.916252635406336
seg_13c2f0,2.8189135176292943
seg_d29a4b,2.9130343156052336
seg_3d6e79,2.9285190377967036
seg_ddbadc,3.051946894072397
seg_932828,3.0563085750230887
seg_620ee4,2.8227992673787528
seg_bcfad6,2.9150596287759605
seg_13e25f,2.898525623942724
seg_1d11e5,2.738956652560754
seg_581fac,2.740221441849242
seg_b32d1d,2.824504385217157
seg_31d810,3.0373271158511765
seg_6696d0,2.7386453863978155
seg_585872,3.046622936641885
seg_de4e1d,2.8248209867429135
seg_50a667,2.7214974189943035
seg_fde86d,2.898289587110966
seg_08fd5b,2.9285359864061427
seg_f342a3,2.8242900992510007
seg_004f1f,2.8270986291934572
seg_15bf25,2.9478025380190798
seg_006e4a,2.821841971722731
seg_aabc52,3.0502221035109356
seg_478327,2.94255629584674
seg_490d6e,2.9196431740348747
seg_75cd6a,2.8234534372905187
seg_c550b1,3.060609858363969
seg_311499,2.8413117285335616
seg_74b264,2.734484192575501
seg_727fc7,2.831403758524768
seg_afa4a1,3.043345592694653
seg_05e0d7,2.823765498553033
seg_dd0b11,2.820600805386985
seg_d9750c,2.817218203374696
seg_a1d8da,2.9002889632078754
seg_d9ce67,2.7342675660371585
seg_434c96,2.7525583346104825
seg_aba501,2.734342565058202
seg_e5fbc1,2.75948179366952
seg_c11a4f,2.7344851877690317
seg_7428e7,2.910579162832784
seg_ac68bb,2.822764158711097
seg_48a80c,2.750979434591782
seg_a12acb,2.8105687469242855
seg_8344ee,2.846343650137397
seg_e6bd3f,2.747704471149064
seg_032822,2.733150430652514
seg_563059,2.930040843370795
seg_81c432,2.8183200785027216
seg_02042f,2.8229441924354663
seg_be4612,3.034640634501143
seg_35b753,2.82876359016265
seg_e1f045,2.9476992345803277
seg_b1fea8,2.834032664513064
seg_1fa983,2.8432615093336033
seg_c0ea9f,2.912459372024747
seg_ea9d37,2.905181614138856
seg_4a2525,3.0348805493351487
seg_27b7c8,2.903804269911978
seg_4fce5b,2.7400542662075735
seg_a6c5cc,2.7344851347288244
seg_b686e5,2.675585051715188
seg_6c34c2,2.7363882231020265
seg_e59dca,3.0312596950799113
seg_21faa9,3.057386729255416
seg_74dda9,2.943498187113029
seg_8f3247,3.0418192378366187
seg_38ad16,3.044171058223256
seg_3151ff,2.8255023006140476
seg_dc73b8,2.7403588828158196
seg_017314,3.046090033646164
seg_e92526,2.847775768224875
seg_65b962,2.839262297049398
seg_43c6f4,3.0460952457724337
seg_c22bd4,3.052213721947395
seg_8c6e34,2.822136616959223
seg_1084af,2.9202043165959597
seg_f2cb5e,2.7410179654485614
seg_89791c,2.828473689442721
seg_dd8805,2.93883423290738
seg_a2e2c8,2.9125828172498673
seg_500c80,2.9087731391974354
seg_aa98cc,1.9269218213593395
seg_fd374e,2.832111144292435
seg_660fe1,2.738944218221308
seg_7b0936,3.0488665882789068
seg_b57e76,2.9140009637249253
seg_18096a,2.9293588981851224
seg_324447,2.95064367240431
seg_6dac5d,3.07385138966802
seg_d59e4e,2.8392500558546394
seg_8a41bf,2.8467092568632464
seg_3b95dc,2.7406663241336497
seg_90a0be,2.734785004976879
seg_ea9fa4,3.0408473192692713
seg_66820a,2.8333715285020435
seg_d398df,2.917174574998086
seg_1a8e06,2.825643659373773
seg_f34877,2.972091224779201
seg_8f5589,2.9531599889760725
seg_e86ed1,3.0483351527478484
seg_397983,3.0444716595921566
seg_1bd38e,3.04526422101666
seg_8d3a9d,3.042776885360099
seg_d2a533,2.9499468831735673
seg_a68007,2.825023883015693
seg_38ee24,2.8360062966285082
seg_04fd93,2.8306785948497657
seg_287e60,2.852256703638557
seg_2dcd3a,2.8297689986901764
seg_8fb29e,3.0321843023383948
seg_bb5e15,2.748536113386674
seg_735cdd,2.8144496858747785
seg_610379,2.8227583996272374
seg_1ece48,2.7307040813267873
seg_77e7bf,2.7370635213174164
seg_77bf79,2.738556168888495
seg_755d50,2.7428468935184025
seg_456149,3.0487502313974812
seg_e256bd,2.8400120885513656
seg_9ad925,3.02370903774731
seg_759fb1,2.920745059169582
seg_8e5704,3.0496530080941215
seg_a4208a,2.9082205810010633
seg_96642e,2.8232365533924826
seg_ddd206,2.9156433968114612
seg_01c775,2.961000738996519
seg_9e3837,2.728803855520225
seg_ce5520,2.7549390591573535
seg_e8ac98,2.7341752710900664
seg_a7561c,2.7880486809034157
seg_29acb7,2.7437242713758603
seg_0c8502,3.051253852712542
seg_e6307f,3.0314407070874836
seg_812962,2.841908854334513
seg_0620e6,2.9418062637118787
seg_812a50,2.832488654925371
seg_383f2e,3.0473608979551794
seg_92be9f,2.8291493935041916
seg_512b3e,3.041120361454165
seg_d1045e,6.045578495529793
seg_a99799,2.822764158711096
seg_a39f3b,3.0317917510097745
seg_9122aa,2.827899773116835
seg_7f93b2,2.7402171351801923
seg_85c1c0,2.749786589732727
seg_19e1ff,2.896764972294382
seg_84a65d,3.054815948419697
seg_2eccb9,2.828615702675564
seg_18f853,2.8181865144313174
seg_bf1a72,2.8203779886715115
seg_ce9f59,2.7537048149733825
seg_2383c2,2.8975143893322115
seg_4401d8,2.946553077152649
seg_f9eea3,2.901990607313864
seg_037461,2.7480900914881263
seg_4acc4b,2.8366763587106694
seg_9e25e9,2.8388127084636894
seg_50e270,2.9969918363420613
seg_d36342,3.042282473008143
seg_a31fe3,3.041432294267794
seg_8dcf3c,3.0421496751569563
seg_2f1664,2.973356949194468
seg_dc23c0,3.038752392503596
seg_208ba5,2.728350291086164
seg_e217fc,2.9001062849154766
seg_49fdf0,3.0502392080098604
seg_f2ae5e,2.8389730882020654
seg_f7290f,2.7482688749232618
seg_2367fb,2.927201765476168
seg_36e32d,3.0496422938597867
seg_92bd37,2.816913188223345
seg_836aac,2.8226933899432174
seg_53fa13,2.7466044019011204
seg_7ce9cb,2.9052337745298886
seg_818382,2.9004806719102407
seg_ca2d1b,2.8432725541254125
seg_4ae37c,2.9378253890663686
seg_91cff2,2.719719824426947
seg_2b372b,2.834854397842562
seg_c0c0ed,2.8284515730898807
seg_5d94b2,2.826992412226092
seg_b95a77,3.045186348175592
seg_bfdd14,2.6814253165742143
seg_9d7490,2.8607539401716475
seg_eb692c,3.072883957719234
seg_a247ac,3.0300058158869674
seg_3319b5,3.0340407789600436
seg_39300d,2.7879858273496225
seg_87a616,2.7667013416573787
seg_bb2d77,2.7384090033556037
seg_56e6f1,2.740932687694049
seg_31064b,2.7347849519366725
seg_d6ea73,2.747815855564409
seg_6cfb76,2.8184082146684393
seg_c627fc,3.0455199960760284
seg_62a403,3.077297800188024
seg_f8dd7e,2.9081329189342346
seg_3d9aa0,2.915571437320182
seg_8fb828,3.049151897741877
seg_f77ee5,6.049031797329255
seg_a93a88,3.047565020486041
seg_e3e762,3.032773494901737
seg_477c83,2.819767356456209
seg_c24946,2.7350949788150376
seg_35a2d7,6.047489237952058
seg_2ece02,2.7549499544856766
seg_78db0a,3.0695562972806316
seg_6eb146,3.0454169232248853
seg_20cbac,2.8232894197577276
seg_06b8c9,2.81821649925913
seg_a61e1c,2.923252312424995
seg_f0ce4a,2.7690996806682966
seg_eba22d,3.041175661151479
seg_705463,2.8189275158024687
seg_2465ce,2.9255772856246245
seg_259d65,2.7429798708864452
seg_ad591c,2.9974576586698816
seg_8dfd7a,2.7528444983937153
seg_158691,2.8234522642383304
seg_741fc1,3.033125501045942
seg_91fc29,2.815175172398586
seg_168d1c,2.951615665921968
seg_f66db1,2.9604968493116135
seg_c7a3bc,2.750506426634432
seg_76f3f2,3.04369594016981
seg_7ef97b,2.745753163686931
seg_295b1c,3.032250729982575
seg_6b0107,2.9497999565802417
seg_750244,2.938794164979822
seg_35b009,2.7383629226691597
seg_8ebdea,3.0540178413474104
seg_71c9e9,2.7367769487735525
seg_03f380,2.7375302932077235
seg_8773cf,2.734321476191994
seg_be19e2,2.9471212598566416
seg_065588,2.8271613667737396
seg_6e12ee,2.820370238283104
seg_650de2,2.7552127043411363
seg_86892f,2.765368337289403
seg_c7a401,2.8162172310679243
seg_25cca7,3.042382688395725
seg_be0dfa,2.9438048939698587
seg_b42170,2.7270879994350192
seg_c6f533,2.730211741422895
seg_e53a52,2.8435879004739606
seg_9d452d,2.8325738901341215
seg_09dd59,2.9017251035386837
seg_e34052,2.8988997257233504
seg_ddc800,3.0536376861344996
seg_a4e745,3.0283908586606034
seg_f865be,2.734395715205536
seg_81c1a6,3.0547045056792252
seg_9fe8b9,2.9326575275894333
seg_5924f5,2.905876651802135
seg_8d135f,2.949014406496744
seg_7d17eb,3.043822756195233
seg_9c635d,3.0464587507611567
seg_3706be,3.0528315267914783
seg_141f34,6.0499012845101605
seg_ba98dc,2.729814543520321
seg_a489e1,2.941623791888673
seg_59eb97,2.918061983210466
seg_211299,2.908354619171359
seg_9872f9,2.8151471117670965
seg_280e3b,2.9057178123389673
seg_d9dab4,3.046579922285048
seg_72859b,2.8174943043705905
seg_211486,3.052133742343465
seg_4b0839,2.7449864748452923
seg_94a133,2.938256879121362
seg_b108c9,2.7449734752719426
seg_2f86cd,1.8117543932356472
seg_073696,3.054048361284384
seg_feb312,2.950211640100528
seg_046c28,2.825031807729129
seg_cd699e,2.8175068617397723
seg_53a5fd,2.9513176904658454
seg_4a9e6b,2.9368180462041034
seg_eccb17,2.7249831470590227
seg_cdadb5,3.042491806782744
seg_8e7194,2.9134425129877664
seg_10a595,2.8956201508110015
seg_76e914,2.8275909026825916
seg_2dccec,2.815157718456062
seg_14c8ce,2.913962140512078
seg_e48c23,2.94523855141237
seg_38001b,2.821738465019926
seg_df0df7,2.9061140955454463
seg_3cfb73,3.0275223629359957
seg_5e668a,3.051249094454309
seg_ce7537,2.8292121310844753
seg_b87cf5,3.046214607021478
seg_4db886,3.0484138822811513
seg_c11828,2.7260067214602053
seg_c90be5,3.0486932751530964
seg_fbd66b,2.913425765286503
seg_53103b,2.826492034514586
seg_151d92,2.830648349535721
seg_241266,2.738951887400271
seg_a88dde,3.0444020129704916
seg_cb806c,2.823200041829257
seg_60ab20,3.0519615707330146
seg_7c10c1,2.7283089377068266
seg_e1f081,3.0504178767992376
seg_b7a8a1,2.9129671616100334
seg_289d99,2.7768182632484355
seg_05b66a,3.0479240601875257
seg_72ebda,2.9475100003814227
seg_7c88d1,2.762886102570854
seg_75e669,2.735368104433646
seg_b41d3c,2.8270986291934563
seg_885f53,2.9346152654238216
seg_c472cf,3.0374082633318453
seg_95644e,2.907236155002485
seg_c62a06,2.81707415087398
seg_561cf4,2.7419933759257726
seg_1a8f2c,2.9107017123174703
seg_a99be9,6.02197223303791
seg_634180,2.845934484303752
seg_b7b098,2.749063350319795
seg_c6c29f,2.8107457081025666
seg_6153ca,6.053783778073555
seg_3bfcf6,2.905147136272321
seg_04ae38,2.91121991343577
seg_8fb0d0,2.901679546395223
seg_4b4ffb,2.734958983126477
seg_65fbac,3.049613335912636
seg_1fc7ab,2.823148415029906
seg_c588c1,6.049041102787228
seg_de9e32,3.0370614924547468
seg_0981f3,2.7474923292239066
seg_fd19b8,3.038841845984593
seg_f6cfd4,3.0459018566645213
seg_e90c0d,2.8347045830897035
seg_1e0523,2.7512108134543065
seg_e25aca,2.91668997243257
seg_d5d3a1,2.839262297049399
seg_6a45a0,2.738903614058499
seg_42648c,2.755148821427209
seg_7480f4,3.038117924838811
seg_5c57a8,2.748701933362292
seg_8f25b0,3.062567825724814
seg_c65135,2.7525269795670217
seg_f48db9,2.823465125406227
seg_f6abc5,3.045388675573246
seg_e85f55,2.7599103726409755
seg_4fa87d,3.0436023223822444
seg_3ec967,2.818456332651707
seg_272a47,2.7394631937674623
seg_318135,2.734037712032739
seg_6d35cd,2.745018138595218
seg_614b50,2.7724907804293735
seg_655cae,2.7347850049768807
seg_6f17de,2.7307927577710776
seg_5cd98b,2.7337493659687655
seg_cacd0a,2.821540005748631
seg_658bf4,2.7462197369037917
seg_4d18f4,2.7724767561200223
seg_3f5be6,2.8381257250612637
seg_419b2a,3.042576443304706
seg_440106,3.040705288050024
seg_aed434,2.9142221446256813
seg_6dd0fc,2.8316560366023755
seg_f931de,2.9064938659225943
seg_9b0439,2.9242619470238247
seg_2bcbde,6.051776018444778
seg_d2f588,6.044275724621017
seg_68da94,2.82847368944272
seg_2d92f0,6.054438161903097
seg_c6f9c2,2.8334044049064855
seg_1cb942,3.0532596846415605
seg_30207d,3.0490210773037303
seg_c09a41,2.826907887639327
seg_fe86f5,2.925581882758102
seg_de98fa,2.7854116141090546
seg_c6b514,2.8183029967871565
seg_75eb90,3.041235594683302
seg_a45455,2.8312693215771967
seg_055127,2.902123240709501
seg_fcb7d0,3.0480160644618888
seg_aa508a,2.764424909269472
seg_117278,2.8319059095954584
seg_7eb108,3.0283144028771534
seg_82456a,2.9720999665393313
seg_ed7741,3.0487118691473536
seg_d7a805,3.02365550699593
seg_afadfb,2.945952514264158
seg_1f3d44,2.9147169561143795
seg_58e74b,2.753051025280484
seg_7ddc30,3.0449654764677097
seg_74ffde,2.9086256116741764
seg_49b0cb,3.0737037101284224
seg_b1b95e,2.844227654417205
seg_d702b2,3.041986148732814
seg_c15d21,3.0300578533617215
seg_19ec5c,6.064362131777165
seg_4d0c45,2.9234303298240096
seg_b687fc,2.836396591928046
seg_7a9228,2.7288588669490115
seg_5445bc,2.7409326876940483
seg_05a1b0,2.822643571821762
seg_691a72,2.9075205946793408
seg_27de37,2.9425387258292615
seg_280863,2.7335923733179746
seg_82316b,2.7629322532338474
seg_4f76a2,2.8333981842508926
seg_2f9581,2.7544478008170024
seg_0775a7,2.7602187297211622
seg_fb11ba,2.915355653809459
seg_f6c928,3.0102358533343145
seg_dd699c,2.803023262960992
seg_0e1370,2.736191310380765
seg_f0db55,2.7211352304693763
seg_e6e24e,2.9089948394345577
seg_e266f4,2.9260256695022675
seg_460436,2.962922255284849
seg_530a02,3.041019036995003
seg_5407b0,2.759361515750143
seg_ffbd6a,2.73351240621371
seg_e877a5,2.8234682945140097
seg_8f3dfe,2.9065806320428034
seg_0fc67a,3.0493040433209595
seg_502fab,3.0503634403426125
seg_0c12cc,2.915346066503965
seg_3f99c8,2.7401717668505765
seg_3b7724,3.035811616715996
seg_00a37e,2.7427514714913976
seg_b0d251,2.9006684981392796
seg_f734c8,3.034946625561604
seg_b853f8,2.916838524625598
seg_103b32,2.916095299320698
seg_4e0c4a,3.0729649963721055
seg_bc2186,2.9142406983267666
seg_be62ef,2.938331486006045
seg_bcc8f1,2.894110614859504
seg_57908c,2.8204481672718136
seg_f639cd,3.0389380476002366
seg_03d386,2.7597888485694235
seg_a80123,2.8241433825894644
seg_f88d4a,2.8298222137347135
seg_423ebe,2.827774633211073
seg_2099f4,2.81905935510683
seg_62331a,2.7225881380930215
seg_fc407c,2.937039746441225
seg_324537,2.8184042743756605
seg_32d747,2.822845142847839
seg_4a9e8d,3.0501426920504278
seg_45e062,3.0474080124334093
seg_73b0f7,3.035919416022108
seg_ef74dc,2.821534420796991
seg_42c4c9,2.852981296039309
seg_00be11,2.740480157489424
seg_8be2da,2.9355550991887736
seg_b89218,3.047772776047033
seg_41f45e,2.902693147786554
seg_a543e5,3.066813577635046
seg_eb1d6e,2.8260096705614424
seg_4c18e2,2.755786642494785
seg_e4f203,2.9331874804428213
seg_9f57c4,2.9536820328005984
seg_bc07c8,2.836125029121798
seg_6f9a98,2.9543189823576452
seg_1d596d,2.736440721364112
seg_aa7a4b,2.9336517153030677
seg_f97274,2.848368045000298
seg_d07c62,2.844733224189648
seg_a55540,6.0449902506028135
seg_f5a4ee,3.05528094040867
seg_414d0f,2.916602335777247
seg_e50f16,3.035244708396154
seg_ed7dee,2.8278663733376765
seg_e9aa44,3.0428499388919006
seg_39a886,2.914811179184158
seg_53d818,2.7353700782790398
seg_97ad82,2.909085856243037
seg_c10a58,2.936061545335144
seg_f3c578,2.7631758519352845
seg_2916e3,3.0457331758908555
seg_7a9f2b,1.8058598936134476
seg_d4ea17,2.9725067670014673
seg_bee792,2.822736280467911
seg_259c63,2.7386154885549625
seg_151368,2.9807365411291546
seg_1afa29,2.7444039697149343
seg_2ed79b,2.8274683768671096
seg_486973,2.8667469511682206
seg_25e76d,2.8322970103012453
seg_90b174,2.717856018503713
seg_b6254c,2.76206521390285
seg_b08e9d,6.051142119534212
seg_46a42b,2.814446145071965
seg_bff05e,3.0418746874195497
seg_679dd2,2.9599770322382604
seg_75ffc9,2.93895488157456
seg_762188,3.0698300752395165
seg_9bab11,6.051843974179004
seg_ca9e39,2.8190886092830665
seg_204dc6,2.822764211751306
seg_946d9a,2.82507250719232
seg_d6b386,3.029464736850144
seg_2e88dd,2.9160169910397022
seg_14c371,3.028384662172872
seg_04b87a,3.045858906040245
seg_f71db8,2.9296492330212383
seg_850d95,2.8444802184840547
seg_8681aa,2.9645435839680236
seg_ceb942,2.817026726028291
seg_890181,2.9473312391643
seg_3cbccf,2.829058429735924
seg_cec2f2,2.9010265004171614
seg_53a557,2.7385360147242075
seg_686edc,2.9903595164767025
seg_c42952,2.9100704042586836
seg_7020c5,3.033125501045942
seg_14c435,2.7615324703215043
seg_e41fc9,2.8477447287511564
seg_746d1d,2.8183200785027225
seg_68a484,3.0352334263350973
seg_9e8ca4,3.0471622684092594
seg_9a8a1f,2.7385556047886763
seg_0a42ba,3.0508292704726077
seg_0012b5,2.9118582160375848
seg_b31961,2.7400037857530433
seg_7848f8,1.8581742133675152
seg_0e4833,3.0561791231720257
seg_cfed24,2.745011739599548
seg_bdae02,3.0491157085834186
seg_f48363,2.7363040951025064
seg_816b7a,2.7385327725915163
seg_1a8f0d,2.822766266658165
seg_521a88,3.0457103108084853
seg_c0e1b9,2.833293069392214
seg_6ac82a,2.831455654748393
seg_3506d6,2.8225376364434482
seg_79dc90,2.9901841119771193
seg_ce72e2,2.734950359610283
seg_bd629b,2.8205080107422114
seg_fbff25,2.730462061457016
seg_bd00c4,2.8283305518073627
seg_1ebe6b,2.8161421460527034
seg_6b9d02,2.7409485963574265
seg_d098df,2.9602039421143505
seg_7d994f,2.736815531604739
seg_0e9bb3,2.9285238746507525
seg_c5dada,2.9534709876322287
seg_d0598e,2.8262751506165493
seg_1bf7b3,2.742547502103951
seg_2d7cc4,2.7482946405974307
seg_d3f967,2.8319306874284296
seg_35c587,2.834121725687041
seg_f01368,2.9205951274096074
seg_04cceb,3.0454279061391665
seg_39ad50,1.8936391772034533
seg_695380,2.7437568772128813
seg_545fda,3.0417662496339566
seg_b50239,2.7344302203986723
seg_b13220,2.7350515622027185
seg_29c906,2.7208244378267503
seg_629822,2.8258330402061405
seg_961d02,2.7294260774556047
seg_5147e1,2.827209434160261
seg_71b975,2.8189750342120536
seg_a9a820,2.734511229169905
seg_430e66,2.9623857893237013
seg_0d0250,2.7502906055595657
seg_8dfc7e,2.8566826635673843
seg_335170,2.7333616043358258
seg_bce305,2.8277613241145487
seg_77df38,2.9476123346875798
seg_b91011,2.901550049977896
seg_b917b5,2.908339992890104
seg_f4ad4b,2.832390620164526
seg_7bb771,2.824914881992489
seg_a8bb2f,2.9089586930663667
seg_8f4781,2.863743742472898
seg_5bfbf0,2.810693272560429
seg_753190,2.9809317754147537
seg_1a0eca,2.9346982215470843
seg_f61b0e,2.9032289249192607
seg_77db7b,3.024921684122473
seg_a133bc,2.8233672419308586
seg_cf1371,2.726175427251583
seg_d3992e,6.038154906571041
seg_fad815,2.824527678626555
seg_9a74d8,2.947213484586172
seg_263deb,2.729815485673644
seg_9ca72e,2.7830759915701884
seg_266c6e,2.908252780388396
seg_abb03a,2.829829970193691
seg_db6d5f,2.9584098180534975
seg_77f9e3,2.750060644525172
seg_6681ee,2.7424752020719727
seg_d9a2bb,2.749100137019835
seg_105cd9,2.7424562314896233
seg_c9481f,2.937435140271128
seg_c047b7,2.911840319254939
seg_caa919,2.8099549916132687
seg_76c2fa,2.8205201645521596
seg_411225,2.742824774359076
seg_5c0929,2.7405443890323973
seg_ff1a62,3.044071515886886
seg_ce5832,2.7570514944253928
seg_766e42,2.7344201246678916
seg_702e03,2.7451673273503396
seg_62c582,2.8525407272125314
seg_c666dd,2.9367691126897384
seg_06893f,2.7385880500208115
seg_4eb127,2.744808273327473
seg_83bef8,2.8269905837096196
seg_4ad5a2,2.912964610647437
seg_2ee95c,3.0779527512379095
seg_a3d4d6,2.814796171306269
seg_7e9eb7,6.047386857675473
seg_b253ee,2.7429651958364807
seg_71936f,2.824558067121639
seg_aa0180,2.8273799955862637
seg_8e6a3f,2.9211565038755873
seg_ed3e4c,3.050876881901973
seg_5311d1,2.7310655676403686
seg_fa6383,2.899084531119904
seg_24c1c9,2.847329256415112
seg_703cea,2.9792179520492206
seg_e8ce6a,2.8456105269197294
seg_97a161,2.9166924864509243
seg_760d70,2.8230613160864535
seg_112b81,2.919870995430944
seg_2fe382,2.815135423651386
seg_4d5a4a,2.734320022979063
seg_758374,2.7297640556981135
seg_1f5240,2.840524527704493
seg_1c4e72,2.830693359378774
seg_a5d37f,2.818896667781372
seg_96fa35,2.8764598555316434
seg_0d04b9,2.9104484263639305
seg_00cc91,2.7306676285097997
seg_51b68c,3.0558976718639763
seg_d247da,2.9046371574773415
seg_596ae3,2.9243994884264426
seg_4ba3d1,2.95316807303439
seg_4eeaef,2.7482581366897887
seg_5165a4,2.9772153289215715
seg_ba2c48,2.901118515625319
seg_750e7e,2.9572537681108373
seg_2d3828,2.8948109248898977
seg_1b78af,2.7302485080221754
seg_40f810,2.9211196529926924
seg_61b50d,2.735393126512134
seg_288001,2.7553856987788667
seg_23efb0,2.8317374618640963
seg_a7d0eb,2.8249793778304215
seg_1db8e8,3.0411110363644416
seg_eca2eb,2.8200029924881727
seg_e405fe,2.7217017016252236
seg_7630c5,3.0496526370464294
seg_e40348,2.8190423264314726
seg_635770,2.9838046083541543
seg_0b48c4,2.8151864731159586
seg_a18246,2.9219017982786184
seg_ac5c61,3.046130596475958
seg_a47cce,2.9382976716980025
seg_00184e,2.8946273521171575
seg_cd2b53,2.7894356436185057
seg_929ded,2.9032054869351263
seg_232559,3.0364277026567765
seg_e2209b,2.8261865700669726
seg_6c309f,2.846932300038727
seg_a14212,2.7388877053951197
seg_72c307,2.9014088740750488
seg_1201e8,2.727526758597914
seg_1dec9c,3.0553341352067314
seg_1f3ede,2.7483275733460184
seg_114b79,2.830119393764821
seg_b52add,6.003392513694832
seg_ec0e7b,2.9024182203949462
seg_86720f,2.9772849068483715
seg_1c929e,2.7462072924834495
seg_a05c22,2.7339526286996216
seg_4c4995,2.8937422834492814
seg_3788c5,3.0293335600873155
seg_3b30fd,3.0506175729163285
seg_e30ef5,2.738213295412482
seg_832a4d,2.7551625684107672
seg_53caf1,2.9434789731658952
seg_3452b2,2.8418061893061255
seg_3f3689,2.8147816824759095
seg_f95fd3,3.0412739586390694
seg_26cba3,2.83653429605255
seg_d1ca05,3.013784559313719
seg_2c6011,2.826462317367795
seg_8244bf,2.850396592371409
seg_dc188b,2.8295585341715883
seg_cc2c46,2.9168145103034737
seg_cf3825,2.7388834848474493
seg_25c8dc,2.9053620155739033
seg_4e9646,2.940510438234495
seg_d4dec8,2.9345605653545457
seg_0d434c,3.054124618717234
seg_137f8a,3.033640915434397
seg_327ed4,2.733992383487041
seg_6d36a1,3.0338339042842213
seg_42ff14,3.047829686326587
seg_9fc7c2,2.7474842080781445
seg_075f77,2.8282218384464484
seg_d07ce8,3.0704981247186347
seg_1e572b,3.0282415584160423
seg_5b7325,2.9168463970010277
seg_5759c9,2.944574553302821
seg_57b6c0,2.8215719941628916
seg_fb8af5,2.7324952898868626
seg_6da1ff,2.940477857324546
seg_0a0fbb,3.0406873493356485
seg_eabb2c,3.041651446475877
seg_bc1d67,3.0294055450495083
seg_a03e6a,2.75972461657533
seg_df8385,2.8243810630192705
seg_af703b,3.0600517584055726
seg_c179f8,2.846599630428864
seg_e09301,2.7875016658389726
seg_f0574b,2.82900014766906
seg_b9ad7f,2.904509750447463
seg_86d847,3.03358316970012
seg_4b4c91,3.0400387281859143
seg_586726,2.840713810726023
seg_a8e71a,2.7364026905381955
seg_8310ea,2.945225679092178
seg_e00465,3.032705232478844
seg_0870ab,2.8340888705042593
seg_fedbd1,3.049355502711426
seg_661629,2.839423750492688
seg_457234,6.043154501668665
seg_b1a35c,2.9538220179834975
seg_c17817,2.726900409885337
seg_7862ed,2.8332439905671247
seg_cc4950,2.728858600023512
seg_2abd33,2.894350166044573
seg_4743ab,3.055473009374791
seg_f6bae8,2.9249492787807228
seg_17067e,2.895053469802366
seg_a1b3cc,2.8343464036423596
seg_1ef708,2.84280765812627
seg_902bc1,3.024286574691863
seg_aa1adf,2.8329172561172795
seg_0968f1,2.908358184629599
seg_b5804a,2.7498777247842585
seg_709b6a,3.039987340840948
seg_d5df41,2.9233621727171926
seg_dbc615,2.823799299702915
seg_c267a5,2.818826497803157
seg_a88097,3.051970524775046
seg_d16534,3.0234697275702906
seg_31a51f,2.787098258604689
seg_b54024,2.790380056620496
seg_673c60,2.7405386817185904
seg_b691c5,2.740546673803499
seg_b8141c,2.7394206547726796
seg_78addc,3.0322701191704002
seg_2efd5c,3.0441666770716043
seg_68102c,3.0496619621361543
seg_67aa76,2.8234353041350646
seg_d40bb2,3.048605199202763
seg_12ee6e,2.825070341598692
seg_4743fa,6.047003808671587
seg_6d4109,2.9484133342604713
seg_3edf51,2.747965430123537
seg_158764,2.9086950947795374
seg_5975f4,2.8510109602607456
seg_170a0c,3.0441832494582663
seg_ea8270,3.050229496062379
seg_d328bb,2.8292026214167687
seg_6422d1,2.9439138774248326
seg_05a4ad,3.048883387455444
